candidate_rows,coverage_percent,eligible_rows,evaluation_type,feature_set,fit_partition,horizon_hours,incomplete_feature_rows,incomplete_history_rows,incomplete_weather_rows,location_id,mae,mase,mase_denominator,mean_error,median_absolute_error,metric_reason,metric_scope,metric_status,model_family,model_reason,model_status,purged_rows_excluded,r2,r2_reason,rmse,scope,sensor_id,smape,split,target_transform,unavailable_target_rows
1282,99.45397815912636,1275,in_sample_fit,calendar_only,train,6,0,0,0,cmt8,6.462815262919759,1.4970728468195529,4.316967792615868,-1.6252897419902879,5.349727336916324,,descriptive_only,available,bagged_tree,,available,5,0.2567830886363517,,8.428083032144963,per_sensor,openaq_11357424,30.093845977594672,train,log1p,2
427,98.1264637002342,419,tuning_diagnostic,calendar_only,train,6,0,0,0,cmt8,7.603976240115836,1.7614160228673386,4.316967792615868,-2.691928336246909,6.622088523963926,,descriptive_only,available,bagged_tree,,available,5,-0.02799339156120828,,9.759595252844164,per_sensor,openaq_11357424,34.426218255721764,validation,log1p,3
428,99.76635514018692,427,final_refit_holdout,calendar_only,train_plus_validation,6,0,0,0,cmt8,8.747755853442893,2.026365790452698,4.316967792615868,-4.252904429083062,6.326475647474378,,descriptive_only,available,bagged_tree,,available,0,-0.21655274353839515,,11.66217127805767,per_sensor,openaq_11357424,37.64546750084182,test,log1p,1
1282,90.32761310452418,1158,in_sample_fit,calendar_only,train,6,0,0,0,oceanpark,13.423901914930225,1.9965301529314043,6.723615916955017,-6.346369223364159,11.078008411555578,,descriptive_only,available,bagged_tree,,available,5,0.16091357646234672,,17.688698936855474,per_sensor,openaq_14581375,51.051178908709495,train,log1p,119
427,98.1264637002342,419,tuning_diagnostic,calendar_only,train,6,0,0,0,oceanpark,13.72355018587466,2.04109668895093,6.723615916955017,-10.505529569804041,10.226338418062141,,descriptive_only,available,bagged_tree,,available,5,-0.4941676952494227,,18.36681901363295,per_sensor,openaq_14581375,44.579220675865756,validation,log1p,3
428,99.76635514018692,427,final_refit_holdout,calendar_only,train_plus_validation,6,0,0,0,oceanpark,15.42744900007687,2.2945166991429864,6.723615916955017,5.868964097265659,13.403485980418267,,descriptive_only,available,bagged_tree,,available,0,-0.05573576224457044,,19.655988201023227,per_sensor,openaq_14581375,53.259688426989335,test,log1p,1
2564,94.89079563182527,2433,in_sample_fit,calendar_only,train,6,0,0,0,pooled,10.459207050505567,1.8946837097822404,5.520291854785443,-4.41708264575411,7.823054482247457,,descriptive_only,available,bagged_tree,,available,10,0.15589828597429112,,14.637103124832764,pooled,pooled,42.29383984477807,train,log1p,121
854,98.1264637002342,838,tuning_diagnostic,calendar_only,train,6,0,0,0,pooled,10.54234494476896,1.9097441262331065,5.520291854785443,-6.204658693089303,7.921544879127662,,descriptive_only,available,bagged_tree,,available,10,-0.10621725558616535,,14.529901649847512,pooled,pooled,39.1783195133445,validation,log1p,6
856,99.76635514018692,854,final_refit_holdout,calendar_only,train_plus_validation,6,0,0,0,pooled,12.672743637710157,2.2956655139029256,5.520291854785443,1.8514459947583939,9.694433613223143,,descriptive_only,available,bagged_tree,,available,0,-0.13165208101048287,,16.71623897409469,pooled,pooled,46.718591519176854,test,log1p,2
1282,99.45397815912636,1275,in_sample_fit,calendar_only,train,6,0,0,0,cmt8,6.469558961852876,1.498634984703614,4.316967792615868,-0.035469886629948634,5.454839838940828,,descriptive_only,available,bagged_tree,,available,5,0.2908200575763934,,8.232831673189537,per_sensor,openaq_11357424,30.336056733526686,train,raw,2
427,98.1264637002342,419,tuning_diagnostic,calendar_only,train,6,0,0,0,cmt8,7.713090438022568,1.7866916800296113,4.316967792615868,-0.6848353991410153,6.794696133125237,,descriptive_only,available,bagged_tree,,available,5,0.029530750268021433,,9.48260226721679,per_sensor,openaq_11357424,34.95484852070697,validation,raw,3
428,99.76635514018692,427,final_refit_holdout,calendar_only,train_plus_validation,6,0,0,0,cmt8,8.696710478399694,2.014541431899338,4.316967792615868,-1.991139134775254,7.125423297208934,,descriptive_only,available,bagged_tree,,available,0,-0.10787312498161827,,11.129072147530696,per_sensor,openaq_11357424,37.30456028319374,test,raw,1
1282,90.32761310452418,1158,in_sample_fit,calendar_only,train,6,0,0,0,oceanpark,12.40477626461476,1.8449561096036877,6.723615916955017,0.03420914336461827,9.956647468819686,,descriptive_only,available,bagged_tree,,available,5,0.29719093626643944,,16.188671855574565,per_sensor,openaq_14581375,46.75729612592144,train,raw,119
427,98.1264637002342,419,tuning_diagnostic,calendar_only,train,6,0,0,0,oceanpark,11.538905700647494,1.7161756178769383,6.723615916955017,-5.161840675804504,8.390750646346635,,descriptive_only,available,bagged_tree,,available,5,-0.11852617377926777,,15.89122405030322,per_sensor,openaq_14581375,36.22006608985571,validation,raw,3
428,99.76635514018692,427,final_refit_holdout,calendar_only,train_plus_validation,6,0,0,0,oceanpark,16.30961936558482,2.4257214521217176,6.723615916955017,6.8216180994623326,14.246038028810723,,descriptive_only,available,bagged_tree,,available,0,-0.14903399538464623,,20.506129946215033,per_sensor,openaq_14581375,55.292325697731584,test,raw,1
2564,94.89079563182527,2433,in_sample_fit,calendar_only,train,6,0,0,0,pooled,9.723544812242894,1.7614186111942118,5.520291854785443,-0.03938417646362246,7.289324545658676,,descriptive_only,available,bagged_tree,,available,10,0.313241996969995,,13.202604270743963,pooled,pooled,39.436030592150985,train,raw,121
854,98.1264637002342,838,tuning_diagnostic,calendar_only,train,6,0,0,0,pooled,9.740261941299146,1.7644469164896572,5.520291854785443,-3.3903039989675685,7.381619783753909,,descriptive_only,available,bagged_tree,,available,10,0.07690010380995493,,13.27293022684315,pooled,pooled,36.01685360918943,validation,raw,6
856,99.76635514018692,854,final_refit_holdout,calendar_only,train_plus_validation,6,0,0,0,pooled,12.520779807466583,2.268137289989938,5.520291854785443,2.922836125640433,9.35,,descriptive_only,available,bagged_tree,,available,0,-0.10565160627272885,,16.52308962417315,pooled,pooled,46.05553696910663,test,raw,2
1282,99.45397815912636,1275,in_sample_fit,calendar_only,train,6,0,0,0,cmt8,6.709199051517379,1.5541461909892864,4.316967792615868,-1.585975974301116,5.262424267531035,,descriptive_only,available,ridge,,available,5,0.13424563647468302,,9.096375054781877,per_sensor,openaq_11357424,30.950953724226792,train,log1p,2
427,98.1264637002342,419,tuning_diagnostic,calendar_only,train,6,0,0,0,cmt8,7.297996917655191,1.6905377265353578,4.316967792615868,-3.8570086529243044,5.586268668232405,,descriptive_only,available,ridge,,available,5,-0.019807159398579355,,9.72065822974605,per_sensor,openaq_11357424,33.303889054990954,validation,log1p,3
428,99.76635514018692,427,final_refit_holdout,calendar_only,train_plus_validation,6,0,0,0,cmt8,8.22170655107351,1.9045095877566331,4.316967792615868,-3.600229891364391,5.559282171436941,,descriptive_only,available,ridge,,available,0,-0.16611417001083773,,11.417853873394506,per_sensor,openaq_11357424,35.164142924146276,test,log1p,1
1282,90.32761310452418,1158,in_sample_fit,calendar_only,train,6,0,0,0,oceanpark,15.767965823749954,2.3451615943718167,6.723615916955017,-7.483540374091034,13.706958534733316,,descriptive_only,available,ridge,,available,5,-0.09583097875056867,,20.214561733959854,per_sensor,openaq_14581375,58.14656924116857,train,log1p,119
427,98.1264637002342,419,tuning_diagnostic,calendar_only,train,6,0,0,0,oceanpark,12.542246096056456,1.865401928213736,6.723615916955017,-8.10346192481564,9.70602123809589,,descriptive_only,available,ridge,,available,5,-0.2732343528997614,,16.95463517166296,per_sensor,openaq_14581375,40.27861724193645,validation,log1p,3
428,99.76635514018692,427,final_refit_holdout,calendar_only,train_plus_validation,6,0,0,0,oceanpark,13.275711261495355,1.9744898318801711,6.723615916955017,2.9277358463256915,10.601256885662373,,descriptive_only,available,ridge,,available,0,0.1264200664761388,,17.88004431967172,per_sensor,openaq_14581375,47.861033866042625,test,log1p,1
2564,94.89079563182527,2433,in_sample_fit,calendar_only,train,6,0,0,0,pooled,11.235186499677333,2.035252264776137,5.520291854785443,-4.333960334876256,8.41006150498406,,descriptive_only,available,ridge,,available,10,0.04357014321822139,,15.580604519181135,pooled,pooled,44.995401755964565,train,log1p,121
854,98.1264637002342,838,tuning_diagnostic,calendar_only,train,6,0,0,0,pooled,10.181184685358167,1.8443200021267496,5.520291854785443,-6.078465926963069,7.300319050932381,,descriptive_only,available,ridge,,available,10,-0.032184974978443304,,14.03528470881079,pooled,pooled,37.922139653380285,validation,log1p,6
856,99.76635514018692,854,final_refit_holdout,calendar_only,train_plus_validation,6,0,0,0,pooled,10.907027261372068,1.9758062704450963,5.520291854785443,-0.5379792561137263,8.317721050314505,,descriptive_only,available,ridge,,available,0,0.07453652927362375,,15.116865484725215,pooled,pooled,42.55849107982123,test,log1p,2
1282,99.45397815912636,1275,in_sample_fit,calendar_only,train,6,0,0,0,cmt8,6.866242214356794,1.5905243087755798,4.316967792615868,-2.6137523518092863e-14,5.663699137869742,,descriptive_only,available,ridge,,available,5,0.16525067371477165,,8.932006955403544,per_sensor,openaq_11357424,31.695268511831877,train,raw,2
427,98.1264637002342,419,tuning_diagnostic,calendar_only,train,6,0,0,0,cmt8,7.115732934155497,1.64831735514147,4.316967792615868,-2.8201053150666904,5.501285449374791,,descriptive_only,available,ridge,,available,5,0.05250388014472285,,9.369693094870245,per_sensor,openaq_11357424,32.24342169038888,validation,raw,3
428,99.76635514018692,427,final_refit_holdout,calendar_only,train_plus_validation,6,0,0,0,cmt8,8.303485295729145,1.9234531492062963,4.316967792615868,-2.2394294527481913,6.261721524524216,,descriptive_only,available,ridge,,available,0,-0.09941456141519112,,11.086505750578246,per_sensor,openaq_11357424,35.561006414501435,test,raw,1
1282,90.32761310452418,1158,in_sample_fit,calendar_only,train,6,0,0,0,oceanpark,14.601476786905453,2.1716702689820138,6.723615916955017,2.369549576702562e-14,12.184269447399409,,descriptive_only,available,ridge,,available,5,0.05394855390516129,,18.78234960822844,per_sensor,openaq_14581375,52.00763694662284,train,raw,119
427,98.1264637002342,419,tuning_diagnostic,calendar_only,train,6,0,0,0,oceanpark,10.949082822532432,1.6284515590669015,6.723615916955017,-1.5741299260196786,8.31338316126444,,descriptive_only,available,ridge,,available,5,0.0032927484356040093,,15.00092653755545,per_sensor,openaq_14581375,34.101141779531545,validation,raw,3
428,99.76635514018692,427,final_refit_holdout,calendar_only,train_plus_validation,6,0,0,0,oceanpark,14.876009706761899,2.212501411517112,6.723615916955017,5.782116100704829,12.309819189837693,,descriptive_only,available,ridge,,available,0,0.0005942554320063076,,19.124416214154273,per_sensor,openaq_14581375,51.898415503193306,test,raw,1
2564,94.89079563182527,2433,in_sample_fit,calendar_only,train,6,0,0,0,pooled,10.760949419653462,1.949344292426312,5.520291854785443,1.832867328249235e-14,7.961493192817791,,descriptive_only,available,ridge,,available,10,0.15288173074634293,,14.66323401151273,pooled,pooled,42.26943965497116,train,raw,121
854,98.1264637002342,838,tuning_diagnostic,calendar_only,train,6,0,0,0,pooled,9.024238341817146,1.6347393542234898,5.520291854785443,-2.1910027777624874,6.769499333214952,,descriptive_only,available,ridge,,available,10,0.19171329252733105,,12.420102463727938,pooled,pooled,33.157759799277,validation,raw,6
856,99.76635514018692,854,final_refit_holdout,calendar_only,train_plus_validation,6,0,0,0,pooled,11.645796880195432,2.109634270532254,5.520291854785443,1.9025111512393418,9.282633429367543,,descriptive_only,available,ridge,,available,0,0.021951976106695303,,15.540400173903496,pooled,pooled,44.47109554086109,test,raw,2
1282,0.0,0,in_sample_fit,history_only,train,6,1277,1277,0,cmt8,,,,,,insufficient_training_rows;insufficient_training_dates;insufficient_tree_training_rows,descriptive_only,unavailable,bagged_tree,insufficient_training_rows;insufficient_training_dates;insufficient_tree_training_rows,unavailable,5,,insufficient_pairs,,per_sensor,openaq_11357424,,train,log1p,2
427,0.0,0,tuning_diagnostic,history_only,train,6,422,422,0,cmt8,,,,,,insufficient_training_rows;insufficient_training_dates;insufficient_tree_training_rows,descriptive_only,unavailable,bagged_tree,insufficient_training_rows;insufficient_training_dates;insufficient_tree_training_rows,unavailable,5,,insufficient_pairs,,per_sensor,openaq_11357424,,validation,log1p,3
428,0.0,0,final_refit_holdout,history_only,train_plus_validation,6,428,428,0,cmt8,,,,,,insufficient_training_rows;insufficient_training_dates;insufficient_tree_training_rows,descriptive_only,unavailable,bagged_tree,insufficient_training_rows;insufficient_training_dates;insufficient_tree_training_rows,unavailable,0,,insufficient_pairs,,per_sensor,openaq_11357424,,test,log1p,1
1282,0.0,0,in_sample_fit,history_only,train,6,1277,1277,0,oceanpark,,,,,,insufficient_training_rows;insufficient_training_dates;insufficient_tree_training_rows,descriptive_only,unavailable,bagged_tree,insufficient_training_rows;insufficient_training_dates;insufficient_tree_training_rows,unavailable,5,,insufficient_pairs,,per_sensor,openaq_14581375,,train,log1p,119
427,0.0,0,tuning_diagnostic,history_only,train,6,422,422,0,oceanpark,,,,,,insufficient_training_rows;insufficient_training_dates;insufficient_tree_training_rows,descriptive_only,unavailable,bagged_tree,insufficient_training_rows;insufficient_training_dates;insufficient_tree_training_rows,unavailable,5,,insufficient_pairs,,per_sensor,openaq_14581375,,validation,log1p,3
428,0.0,0,final_refit_holdout,history_only,train_plus_validation,6,428,428,0,oceanpark,,,,,,insufficient_training_rows;insufficient_training_dates;insufficient_tree_training_rows,descriptive_only,unavailable,bagged_tree,insufficient_training_rows;insufficient_training_dates;insufficient_tree_training_rows,unavailable,0,,insufficient_pairs,,per_sensor,openaq_14581375,,test,log1p,1
2564,0.0,0,in_sample_fit,history_only,train,6,2554,2554,0,pooled,,,,,,insufficient_training_rows;insufficient_training_dates;insufficient_tree_training_rows,descriptive_only,unavailable,bagged_tree,insufficient_training_rows;insufficient_training_dates;insufficient_tree_training_rows,unavailable,10,,insufficient_pairs,,pooled,pooled,,train,log1p,121
854,0.0,0,tuning_diagnostic,history_only,train,6,844,844,0,pooled,,,,,,insufficient_training_rows;insufficient_training_dates;insufficient_tree_training_rows,descriptive_only,unavailable,bagged_tree,insufficient_training_rows;insufficient_training_dates;insufficient_tree_training_rows,unavailable,10,,insufficient_pairs,,pooled,pooled,,validation,log1p,6
856,0.0,0,final_refit_holdout,history_only,train_plus_validation,6,856,856,0,pooled,,,,,,insufficient_training_rows;insufficient_training_dates;insufficient_tree_training_rows,descriptive_only,unavailable,bagged_tree,insufficient_training_rows;insufficient_training_dates;insufficient_tree_training_rows,unavailable,0,,insufficient_pairs,,pooled,pooled,,test,log1p,2
1282,0.0,0,in_sample_fit,history_only,train,6,1277,1277,0,cmt8,,,,,,insufficient_training_rows;insufficient_training_dates;insufficient_tree_training_rows,descriptive_only,unavailable,bagged_tree,insufficient_training_rows;insufficient_training_dates;insufficient_tree_training_rows,unavailable,5,,insufficient_pairs,,per_sensor,openaq_11357424,,train,raw,2
427,0.0,0,tuning_diagnostic,history_only,train,6,422,422,0,cmt8,,,,,,insufficient_training_rows;insufficient_training_dates;insufficient_tree_training_rows,descriptive_only,unavailable,bagged_tree,insufficient_training_rows;insufficient_training_dates;insufficient_tree_training_rows,unavailable,5,,insufficient_pairs,,per_sensor,openaq_11357424,,validation,raw,3
428,0.0,0,final_refit_holdout,history_only,train_plus_validation,6,428,428,0,cmt8,,,,,,insufficient_training_rows;insufficient_training_dates;insufficient_tree_training_rows,descriptive_only,unavailable,bagged_tree,insufficient_training_rows;insufficient_training_dates;insufficient_tree_training_rows,unavailable,0,,insufficient_pairs,,per_sensor,openaq_11357424,,test,raw,1
1282,0.0,0,in_sample_fit,history_only,train,6,1277,1277,0,oceanpark,,,,,,insufficient_training_rows;insufficient_training_dates;insufficient_tree_training_rows,descriptive_only,unavailable,bagged_tree,insufficient_training_rows;insufficient_training_dates;insufficient_tree_training_rows,unavailable,5,,insufficient_pairs,,per_sensor,openaq_14581375,,train,raw,119
427,0.0,0,tuning_diagnostic,history_only,train,6,422,422,0,oceanpark,,,,,,insufficient_training_rows;insufficient_training_dates;insufficient_tree_training_rows,descriptive_only,unavailable,bagged_tree,insufficient_training_rows;insufficient_training_dates;insufficient_tree_training_rows,unavailable,5,,insufficient_pairs,,per_sensor,openaq_14581375,,validation,raw,3
428,0.0,0,final_refit_holdout,history_only,train_plus_validation,6,428,428,0,oceanpark,,,,,,insufficient_training_rows;insufficient_training_dates;insufficient_tree_training_rows,descriptive_only,unavailable,bagged_tree,insufficient_training_rows;insufficient_training_dates;insufficient_tree_training_rows,unavailable,0,,insufficient_pairs,,per_sensor,openaq_14581375,,test,raw,1
2564,0.0,0,in_sample_fit,history_only,train,6,2554,2554,0,pooled,,,,,,insufficient_training_rows;insufficient_training_dates;insufficient_tree_training_rows,descriptive_only,unavailable,bagged_tree,insufficient_training_rows;insufficient_training_dates;insufficient_tree_training_rows,unavailable,10,,insufficient_pairs,,pooled,pooled,,train,raw,121
854,0.0,0,tuning_diagnostic,history_only,train,6,844,844,0,pooled,,,,,,insufficient_training_rows;insufficient_training_dates;insufficient_tree_training_rows,descriptive_only,unavailable,bagged_tree,insufficient_training_rows;insufficient_training_dates;insufficient_tree_training_rows,unavailable,10,,insufficient_pairs,,pooled,pooled,,validation,raw,6
856,0.0,0,final_refit_holdout,history_only,train_plus_validation,6,856,856,0,pooled,,,,,,insufficient_training_rows;insufficient_training_dates;insufficient_tree_training_rows,descriptive_only,unavailable,bagged_tree,insufficient_training_rows;insufficient_training_dates;insufficient_tree_training_rows,unavailable,0,,insufficient_pairs,,pooled,pooled,,test,raw,2
1282,0.0,0,in_sample_fit,history_only,train,6,1277,1277,0,cmt8,,,,,,insufficient_training_rows;insufficient_training_dates,descriptive_only,unavailable,ridge,insufficient_training_rows;insufficient_training_dates,unavailable,5,,insufficient_pairs,,per_sensor,openaq_11357424,,train,log1p,2
427,0.0,0,tuning_diagnostic,history_only,train,6,422,422,0,cmt8,,,,,,insufficient_training_rows;insufficient_training_dates,descriptive_only,unavailable,ridge,insufficient_training_rows;insufficient_training_dates,unavailable,5,,insufficient_pairs,,per_sensor,openaq_11357424,,validation,log1p,3
428,0.0,0,final_refit_holdout,history_only,train_plus_validation,6,428,428,0,cmt8,,,,,,insufficient_training_rows;insufficient_training_dates,descriptive_only,unavailable,ridge,insufficient_training_rows;insufficient_training_dates,unavailable,0,,insufficient_pairs,,per_sensor,openaq_11357424,,test,log1p,1
1282,0.0,0,in_sample_fit,history_only,train,6,1277,1277,0,oceanpark,,,,,,insufficient_training_rows;insufficient_training_dates,descriptive_only,unavailable,ridge,insufficient_training_rows;insufficient_training_dates,unavailable,5,,insufficient_pairs,,per_sensor,openaq_14581375,,train,log1p,119
427,0.0,0,tuning_diagnostic,history_only,train,6,422,422,0,oceanpark,,,,,,insufficient_training_rows;insufficient_training_dates,descriptive_only,unavailable,ridge,insufficient_training_rows;insufficient_training_dates,unavailable,5,,insufficient_pairs,,per_sensor,openaq_14581375,,validation,log1p,3
428,0.0,0,final_refit_holdout,history_only,train_plus_validation,6,428,428,0,oceanpark,,,,,,insufficient_training_rows;insufficient_training_dates,descriptive_only,unavailable,ridge,insufficient_training_rows;insufficient_training_dates,unavailable,0,,insufficient_pairs,,per_sensor,openaq_14581375,,test,log1p,1
2564,0.0,0,in_sample_fit,history_only,train,6,2554,2554,0,pooled,,,,,,insufficient_training_rows;insufficient_training_dates,descriptive_only,unavailable,ridge,insufficient_training_rows;insufficient_training_dates,unavailable,10,,insufficient_pairs,,pooled,pooled,,train,log1p,121
854,0.0,0,tuning_diagnostic,history_only,train,6,844,844,0,pooled,,,,,,insufficient_training_rows;insufficient_training_dates,descriptive_only,unavailable,ridge,insufficient_training_rows;insufficient_training_dates,unavailable,10,,insufficient_pairs,,pooled,pooled,,validation,log1p,6
856,0.0,0,final_refit_holdout,history_only,train_plus_validation,6,856,856,0,pooled,,,,,,insufficient_training_rows;insufficient_training_dates,descriptive_only,unavailable,ridge,insufficient_training_rows;insufficient_training_dates,unavailable,0,,insufficient_pairs,,pooled,pooled,,test,log1p,2
1282,0.0,0,in_sample_fit,history_only,train,6,1277,1277,0,cmt8,,,,,,insufficient_training_rows;insufficient_training_dates,descriptive_only,unavailable,ridge,insufficient_training_rows;insufficient_training_dates,unavailable,5,,insufficient_pairs,,per_sensor,openaq_11357424,,train,raw,2
427,0.0,0,tuning_diagnostic,history_only,train,6,422,422,0,cmt8,,,,,,insufficient_training_rows;insufficient_training_dates,descriptive_only,unavailable,ridge,insufficient_training_rows;insufficient_training_dates,unavailable,5,,insufficient_pairs,,per_sensor,openaq_11357424,,validation,raw,3
428,0.0,0,final_refit_holdout,history_only,train_plus_validation,6,428,428,0,cmt8,,,,,,insufficient_training_rows;insufficient_training_dates,descriptive_only,unavailable,ridge,insufficient_training_rows;insufficient_training_dates,unavailable,0,,insufficient_pairs,,per_sensor,openaq_11357424,,test,raw,1
1282,0.0,0,in_sample_fit,history_only,train,6,1277,1277,0,oceanpark,,,,,,insufficient_training_rows;insufficient_training_dates,descriptive_only,unavailable,ridge,insufficient_training_rows;insufficient_training_dates,unavailable,5,,insufficient_pairs,,per_sensor,openaq_14581375,,train,raw,119
427,0.0,0,tuning_diagnostic,history_only,train,6,422,422,0,oceanpark,,,,,,insufficient_training_rows;insufficient_training_dates,descriptive_only,unavailable,ridge,insufficient_training_rows;insufficient_training_dates,unavailable,5,,insufficient_pairs,,per_sensor,openaq_14581375,,validation,raw,3
428,0.0,0,final_refit_holdout,history_only,train_plus_validation,6,428,428,0,oceanpark,,,,,,insufficient_training_rows;insufficient_training_dates,descriptive_only,unavailable,ridge,insufficient_training_rows;insufficient_training_dates,unavailable,0,,insufficient_pairs,,per_sensor,openaq_14581375,,test,raw,1
2564,0.0,0,in_sample_fit,history_only,train,6,2554,2554,0,pooled,,,,,,insufficient_training_rows;insufficient_training_dates,descriptive_only,unavailable,ridge,insufficient_training_rows;insufficient_training_dates,unavailable,10,,insufficient_pairs,,pooled,pooled,,train,raw,121
854,0.0,0,tuning_diagnostic,history_only,train,6,844,844,0,pooled,,,,,,insufficient_training_rows;insufficient_training_dates,descriptive_only,unavailable,ridge,insufficient_training_rows;insufficient_training_dates,unavailable,10,,insufficient_pairs,,pooled,pooled,,validation,raw,6
856,0.0,0,final_refit_holdout,history_only,train_plus_validation,6,856,856,0,pooled,,,,,,insufficient_training_rows;insufficient_training_dates,descriptive_only,unavailable,ridge,insufficient_training_rows;insufficient_training_dates,unavailable,0,,insufficient_pairs,,pooled,pooled,,test,raw,2
1282,0.0,0,in_sample_fit,history_weather,train,6,1277,1277,1277,cmt8,,,,,,insufficient_training_rows;insufficient_training_dates;insufficient_tree_training_rows,descriptive_only,unavailable,bagged_tree,insufficient_training_rows;insufficient_training_dates;insufficient_tree_training_rows,unavailable,5,,insufficient_pairs,,per_sensor,openaq_11357424,,train,log1p,2
427,0.0,0,tuning_diagnostic,history_weather,train,6,422,422,422,cmt8,,,,,,insufficient_training_rows;insufficient_training_dates;insufficient_tree_training_rows,descriptive_only,unavailable,bagged_tree,insufficient_training_rows;insufficient_training_dates;insufficient_tree_training_rows,unavailable,5,,insufficient_pairs,,per_sensor,openaq_11357424,,validation,log1p,3
428,0.0,0,final_refit_holdout,history_weather,train_plus_validation,6,428,428,428,cmt8,,,,,,insufficient_training_rows;insufficient_training_dates;insufficient_tree_training_rows,descriptive_only,unavailable,bagged_tree,insufficient_training_rows;insufficient_training_dates;insufficient_tree_training_rows,unavailable,0,,insufficient_pairs,,per_sensor,openaq_11357424,,test,log1p,1
1282,0.0,0,in_sample_fit,history_weather,train,6,1277,1277,1277,oceanpark,,,,,,insufficient_training_rows;insufficient_training_dates;insufficient_tree_training_rows,descriptive_only,unavailable,bagged_tree,insufficient_training_rows;insufficient_training_dates;insufficient_tree_training_rows,unavailable,5,,insufficient_pairs,,per_sensor,openaq_14581375,,train,log1p,119
427,0.0,0,tuning_diagnostic,history_weather,train,6,422,422,422,oceanpark,,,,,,insufficient_training_rows;insufficient_training_dates;insufficient_tree_training_rows,descriptive_only,unavailable,bagged_tree,insufficient_training_rows;insufficient_training_dates;insufficient_tree_training_rows,unavailable,5,,insufficient_pairs,,per_sensor,openaq_14581375,,validation,log1p,3
428,0.0,0,final_refit_holdout,history_weather,train_plus_validation,6,428,428,428,oceanpark,,,,,,insufficient_training_rows;insufficient_training_dates;insufficient_tree_training_rows,descriptive_only,unavailable,bagged_tree,insufficient_training_rows;insufficient_training_dates;insufficient_tree_training_rows,unavailable,0,,insufficient_pairs,,per_sensor,openaq_14581375,,test,log1p,1
2564,0.0,0,in_sample_fit,history_weather,train,6,2554,2554,2554,pooled,,,,,,insufficient_training_rows;insufficient_training_dates;insufficient_tree_training_rows,descriptive_only,unavailable,bagged_tree,insufficient_training_rows;insufficient_training_dates;insufficient_tree_training_rows,unavailable,10,,insufficient_pairs,,pooled,pooled,,train,log1p,121
854,0.0,0,tuning_diagnostic,history_weather,train,6,844,844,844,pooled,,,,,,insufficient_training_rows;insufficient_training_dates;insufficient_tree_training_rows,descriptive_only,unavailable,bagged_tree,insufficient_training_rows;insufficient_training_dates;insufficient_tree_training_rows,unavailable,10,,insufficient_pairs,,pooled,pooled,,validation,log1p,6
856,0.0,0,final_refit_holdout,history_weather,train_plus_validation,6,856,856,856,pooled,,,,,,insufficient_training_rows;insufficient_training_dates;insufficient_tree_training_rows,descriptive_only,unavailable,bagged_tree,insufficient_training_rows;insufficient_training_dates;insufficient_tree_training_rows,unavailable,0,,insufficient_pairs,,pooled,pooled,,test,log1p,2
1282,0.0,0,in_sample_fit,history_weather,train,6,1277,1277,1277,cmt8,,,,,,insufficient_training_rows;insufficient_training_dates;insufficient_tree_training_rows,descriptive_only,unavailable,bagged_tree,insufficient_training_rows;insufficient_training_dates;insufficient_tree_training_rows,unavailable,5,,insufficient_pairs,,per_sensor,openaq_11357424,,train,raw,2
427,0.0,0,tuning_diagnostic,history_weather,train,6,422,422,422,cmt8,,,,,,insufficient_training_rows;insufficient_training_dates;insufficient_tree_training_rows,descriptive_only,unavailable,bagged_tree,insufficient_training_rows;insufficient_training_dates;insufficient_tree_training_rows,unavailable,5,,insufficient_pairs,,per_sensor,openaq_11357424,,validation,raw,3
428,0.0,0,final_refit_holdout,history_weather,train_plus_validation,6,428,428,428,cmt8,,,,,,insufficient_training_rows;insufficient_training_dates;insufficient_tree_training_rows,descriptive_only,unavailable,bagged_tree,insufficient_training_rows;insufficient_training_dates;insufficient_tree_training_rows,unavailable,0,,insufficient_pairs,,per_sensor,openaq_11357424,,test,raw,1
1282,0.0,0,in_sample_fit,history_weather,train,6,1277,1277,1277,oceanpark,,,,,,insufficient_training_rows;insufficient_training_dates;insufficient_tree_training_rows,descriptive_only,unavailable,bagged_tree,insufficient_training_rows;insufficient_training_dates;insufficient_tree_training_rows,unavailable,5,,insufficient_pairs,,per_sensor,openaq_14581375,,train,raw,119
427,0.0,0,tuning_diagnostic,history_weather,train,6,422,422,422,oceanpark,,,,,,insufficient_training_rows;insufficient_training_dates;insufficient_tree_training_rows,descriptive_only,unavailable,bagged_tree,insufficient_training_rows;insufficient_training_dates;insufficient_tree_training_rows,unavailable,5,,insufficient_pairs,,per_sensor,openaq_14581375,,validation,raw,3
428,0.0,0,final_refit_holdout,history_weather,train_plus_validation,6,428,428,428,oceanpark,,,,,,insufficient_training_rows;insufficient_training_dates;insufficient_tree_training_rows,descriptive_only,unavailable,bagged_tree,insufficient_training_rows;insufficient_training_dates;insufficient_tree_training_rows,unavailable,0,,insufficient_pairs,,per_sensor,openaq_14581375,,test,raw,1
2564,0.0,0,in_sample_fit,history_weather,train,6,2554,2554,2554,pooled,,,,,,insufficient_training_rows;insufficient_training_dates;insufficient_tree_training_rows,descriptive_only,unavailable,bagged_tree,insufficient_training_rows;insufficient_training_dates;insufficient_tree_training_rows,unavailable,10,,insufficient_pairs,,pooled,pooled,,train,raw,121
854,0.0,0,tuning_diagnostic,history_weather,train,6,844,844,844,pooled,,,,,,insufficient_training_rows;insufficient_training_dates;insufficient_tree_training_rows,descriptive_only,unavailable,bagged_tree,insufficient_training_rows;insufficient_training_dates;insufficient_tree_training_rows,unavailable,10,,insufficient_pairs,,pooled,pooled,,validation,raw,6
856,0.0,0,final_refit_holdout,history_weather,train_plus_validation,6,856,856,856,pooled,,,,,,insufficient_training_rows;insufficient_training_dates;insufficient_tree_training_rows,descriptive_only,unavailable,bagged_tree,insufficient_training_rows;insufficient_training_dates;insufficient_tree_training_rows,unavailable,0,,insufficient_pairs,,pooled,pooled,,test,raw,2
1282,0.0,0,in_sample_fit,history_weather,train,6,1277,1277,1277,cmt8,,,,,,insufficient_training_rows;insufficient_training_dates,descriptive_only,unavailable,ridge,insufficient_training_rows;insufficient_training_dates,unavailable,5,,insufficient_pairs,,per_sensor,openaq_11357424,,train,log1p,2
427,0.0,0,tuning_diagnostic,history_weather,train,6,422,422,422,cmt8,,,,,,insufficient_training_rows;insufficient_training_dates,descriptive_only,unavailable,ridge,insufficient_training_rows;insufficient_training_dates,unavailable,5,,insufficient_pairs,,per_sensor,openaq_11357424,,validation,log1p,3
428,0.0,0,final_refit_holdout,history_weather,train_plus_validation,6,428,428,428,cmt8,,,,,,insufficient_training_rows;insufficient_training_dates,descriptive_only,unavailable,ridge,insufficient_training_rows;insufficient_training_dates,unavailable,0,,insufficient_pairs,,per_sensor,openaq_11357424,,test,log1p,1
1282,0.0,0,in_sample_fit,history_weather,train,6,1277,1277,1277,oceanpark,,,,,,insufficient_training_rows;insufficient_training_dates,descriptive_only,unavailable,ridge,insufficient_training_rows;insufficient_training_dates,unavailable,5,,insufficient_pairs,,per_sensor,openaq_14581375,,train,log1p,119
427,0.0,0,tuning_diagnostic,history_weather,train,6,422,422,422,oceanpark,,,,,,insufficient_training_rows;insufficient_training_dates,descriptive_only,unavailable,ridge,insufficient_training_rows;insufficient_training_dates,unavailable,5,,insufficient_pairs,,per_sensor,openaq_14581375,,validation,log1p,3
428,0.0,0,final_refit_holdout,history_weather,train_plus_validation,6,428,428,428,oceanpark,,,,,,insufficient_training_rows;insufficient_training_dates,descriptive_only,unavailable,ridge,insufficient_training_rows;insufficient_training_dates,unavailable,0,,insufficient_pairs,,per_sensor,openaq_14581375,,test,log1p,1
2564,0.0,0,in_sample_fit,history_weather,train,6,2554,2554,2554,pooled,,,,,,insufficient_training_rows;insufficient_training_dates,descriptive_only,unavailable,ridge,insufficient_training_rows;insufficient_training_dates,unavailable,10,,insufficient_pairs,,pooled,pooled,,train,log1p,121
854,0.0,0,tuning_diagnostic,history_weather,train,6,844,844,844,pooled,,,,,,insufficient_training_rows;insufficient_training_dates,descriptive_only,unavailable,ridge,insufficient_training_rows;insufficient_training_dates,unavailable,10,,insufficient_pairs,,pooled,pooled,,validation,log1p,6
856,0.0,0,final_refit_holdout,history_weather,train_plus_validation,6,856,856,856,pooled,,,,,,insufficient_training_rows;insufficient_training_dates,descriptive_only,unavailable,ridge,insufficient_training_rows;insufficient_training_dates,unavailable,0,,insufficient_pairs,,pooled,pooled,,test,log1p,2
1282,0.0,0,in_sample_fit,history_weather,train,6,1277,1277,1277,cmt8,,,,,,insufficient_training_rows;insufficient_training_dates,descriptive_only,unavailable,ridge,insufficient_training_rows;insufficient_training_dates,unavailable,5,,insufficient_pairs,,per_sensor,openaq_11357424,,train,raw,2
427,0.0,0,tuning_diagnostic,history_weather,train,6,422,422,422,cmt8,,,,,,insufficient_training_rows;insufficient_training_dates,descriptive_only,unavailable,ridge,insufficient_training_rows;insufficient_training_dates,unavailable,5,,insufficient_pairs,,per_sensor,openaq_11357424,,validation,raw,3
428,0.0,0,final_refit_holdout,history_weather,train_plus_validation,6,428,428,428,cmt8,,,,,,insufficient_training_rows;insufficient_training_dates,descriptive_only,unavailable,ridge,insufficient_training_rows;insufficient_training_dates,unavailable,0,,insufficient_pairs,,per_sensor,openaq_11357424,,test,raw,1
1282,0.0,0,in_sample_fit,history_weather,train,6,1277,1277,1277,oceanpark,,,,,,insufficient_training_rows;insufficient_training_dates,descriptive_only,unavailable,ridge,insufficient_training_rows;insufficient_training_dates,unavailable,5,,insufficient_pairs,,per_sensor,openaq_14581375,,train,raw,119
427,0.0,0,tuning_diagnostic,history_weather,train,6,422,422,422,oceanpark,,,,,,insufficient_training_rows;insufficient_training_dates,descriptive_only,unavailable,ridge,insufficient_training_rows;insufficient_training_dates,unavailable,5,,insufficient_pairs,,per_sensor,openaq_14581375,,validation,raw,3
428,0.0,0,final_refit_holdout,history_weather,train_plus_validation,6,428,428,428,oceanpark,,,,,,insufficient_training_rows;insufficient_training_dates,descriptive_only,unavailable,ridge,insufficient_training_rows;insufficient_training_dates,unavailable,0,,insufficient_pairs,,per_sensor,openaq_14581375,,test,raw,1
2564,0.0,0,in_sample_fit,history_weather,train,6,2554,2554,2554,pooled,,,,,,insufficient_training_rows;insufficient_training_dates,descriptive_only,unavailable,ridge,insufficient_training_rows;insufficient_training_dates,unavailable,10,,insufficient_pairs,,pooled,pooled,,train,raw,121
854,0.0,0,tuning_diagnostic,history_weather,train,6,844,844,844,pooled,,,,,,insufficient_training_rows;insufficient_training_dates,descriptive_only,unavailable,ridge,insufficient_training_rows;insufficient_training_dates,unavailable,10,,insufficient_pairs,,pooled,pooled,,validation,raw,6
856,0.0,0,final_refit_holdout,history_weather,train_plus_validation,6,856,856,856,pooled,,,,,,insufficient_training_rows;insufficient_training_dates,descriptive_only,unavailable,ridge,insufficient_training_rows;insufficient_training_dates,unavailable,0,,insufficient_pairs,,pooled,pooled,,test,raw,2
1282,0.0,0,in_sample_fit,weather_only,train,6,1277,0,1277,cmt8,,,,,,insufficient_training_rows;insufficient_training_dates;insufficient_tree_training_rows,descriptive_only,unavailable,bagged_tree,insufficient_training_rows;insufficient_training_dates;insufficient_tree_training_rows,unavailable,5,,insufficient_pairs,,per_sensor,openaq_11357424,,train,log1p,2
427,0.0,0,tuning_diagnostic,weather_only,train,6,422,0,422,cmt8,,,,,,insufficient_training_rows;insufficient_training_dates;insufficient_tree_training_rows,descriptive_only,unavailable,bagged_tree,insufficient_training_rows;insufficient_training_dates;insufficient_tree_training_rows,unavailable,5,,insufficient_pairs,,per_sensor,openaq_11357424,,validation,log1p,3
428,0.0,0,final_refit_holdout,weather_only,train_plus_validation,6,428,0,428,cmt8,,,,,,insufficient_training_rows;insufficient_training_dates;insufficient_tree_training_rows,descriptive_only,unavailable,bagged_tree,insufficient_training_rows;insufficient_training_dates;insufficient_tree_training_rows,unavailable,0,,insufficient_pairs,,per_sensor,openaq_11357424,,test,log1p,1
1282,0.0,0,in_sample_fit,weather_only,train,6,1277,0,1277,oceanpark,,,,,,insufficient_training_rows;insufficient_training_dates;insufficient_tree_training_rows,descriptive_only,unavailable,bagged_tree,insufficient_training_rows;insufficient_training_dates;insufficient_tree_training_rows,unavailable,5,,insufficient_pairs,,per_sensor,openaq_14581375,,train,log1p,119
427,0.0,0,tuning_diagnostic,weather_only,train,6,422,0,422,oceanpark,,,,,,insufficient_training_rows;insufficient_training_dates;insufficient_tree_training_rows,descriptive_only,unavailable,bagged_tree,insufficient_training_rows;insufficient_training_dates;insufficient_tree_training_rows,unavailable,5,,insufficient_pairs,,per_sensor,openaq_14581375,,validation,log1p,3
428,0.0,0,final_refit_holdout,weather_only,train_plus_validation,6,428,0,428,oceanpark,,,,,,insufficient_training_rows;insufficient_training_dates;insufficient_tree_training_rows,descriptive_only,unavailable,bagged_tree,insufficient_training_rows;insufficient_training_dates;insufficient_tree_training_rows,unavailable,0,,insufficient_pairs,,per_sensor,openaq_14581375,,test,log1p,1
2564,0.0,0,in_sample_fit,weather_only,train,6,2554,0,2554,pooled,,,,,,insufficient_training_rows;insufficient_training_dates;insufficient_tree_training_rows,descriptive_only,unavailable,bagged_tree,insufficient_training_rows;insufficient_training_dates;insufficient_tree_training_rows,unavailable,10,,insufficient_pairs,,pooled,pooled,,train,log1p,121
854,0.0,0,tuning_diagnostic,weather_only,train,6,844,0,844,pooled,,,,,,insufficient_training_rows;insufficient_training_dates;insufficient_tree_training_rows,descriptive_only,unavailable,bagged_tree,insufficient_training_rows;insufficient_training_dates;insufficient_tree_training_rows,unavailable,10,,insufficient_pairs,,pooled,pooled,,validation,log1p,6
856,0.0,0,final_refit_holdout,weather_only,train_plus_validation,6,856,0,856,pooled,,,,,,insufficient_training_rows;insufficient_training_dates;insufficient_tree_training_rows,descriptive_only,unavailable,bagged_tree,insufficient_training_rows;insufficient_training_dates;insufficient_tree_training_rows,unavailable,0,,insufficient_pairs,,pooled,pooled,,test,log1p,2
1282,0.0,0,in_sample_fit,weather_only,train,6,1277,0,1277,cmt8,,,,,,insufficient_training_rows;insufficient_training_dates;insufficient_tree_training_rows,descriptive_only,unavailable,bagged_tree,insufficient_training_rows;insufficient_training_dates;insufficient_tree_training_rows,unavailable,5,,insufficient_pairs,,per_sensor,openaq_11357424,,train,raw,2
427,0.0,0,tuning_diagnostic,weather_only,train,6,422,0,422,cmt8,,,,,,insufficient_training_rows;insufficient_training_dates;insufficient_tree_training_rows,descriptive_only,unavailable,bagged_tree,insufficient_training_rows;insufficient_training_dates;insufficient_tree_training_rows,unavailable,5,,insufficient_pairs,,per_sensor,openaq_11357424,,validation,raw,3
428,0.0,0,final_refit_holdout,weather_only,train_plus_validation,6,428,0,428,cmt8,,,,,,insufficient_training_rows;insufficient_training_dates;insufficient_tree_training_rows,descriptive_only,unavailable,bagged_tree,insufficient_training_rows;insufficient_training_dates;insufficient_tree_training_rows,unavailable,0,,insufficient_pairs,,per_sensor,openaq_11357424,,test,raw,1
1282,0.0,0,in_sample_fit,weather_only,train,6,1277,0,1277,oceanpark,,,,,,insufficient_training_rows;insufficient_training_dates;insufficient_tree_training_rows,descriptive_only,unavailable,bagged_tree,insufficient_training_rows;insufficient_training_dates;insufficient_tree_training_rows,unavailable,5,,insufficient_pairs,,per_sensor,openaq_14581375,,train,raw,119
427,0.0,0,tuning_diagnostic,weather_only,train,6,422,0,422,oceanpark,,,,,,insufficient_training_rows;insufficient_training_dates;insufficient_tree_training_rows,descriptive_only,unavailable,bagged_tree,insufficient_training_rows;insufficient_training_dates;insufficient_tree_training_rows,unavailable,5,,insufficient_pairs,,per_sensor,openaq_14581375,,validation,raw,3
428,0.0,0,final_refit_holdout,weather_only,train_plus_validation,6,428,0,428,oceanpark,,,,,,insufficient_training_rows;insufficient_training_dates;insufficient_tree_training_rows,descriptive_only,unavailable,bagged_tree,insufficient_training_rows;insufficient_training_dates;insufficient_tree_training_rows,unavailable,0,,insufficient_pairs,,per_sensor,openaq_14581375,,test,raw,1
2564,0.0,0,in_sample_fit,weather_only,train,6,2554,0,2554,pooled,,,,,,insufficient_training_rows;insufficient_training_dates;insufficient_tree_training_rows,descriptive_only,unavailable,bagged_tree,insufficient_training_rows;insufficient_training_dates;insufficient_tree_training_rows,unavailable,10,,insufficient_pairs,,pooled,pooled,,train,raw,121
854,0.0,0,tuning_diagnostic,weather_only,train,6,844,0,844,pooled,,,,,,insufficient_training_rows;insufficient_training_dates;insufficient_tree_training_rows,descriptive_only,unavailable,bagged_tree,insufficient_training_rows;insufficient_training_dates;insufficient_tree_training_rows,unavailable,10,,insufficient_pairs,,pooled,pooled,,validation,raw,6
856,0.0,0,final_refit_holdout,weather_only,train_plus_validation,6,856,0,856,pooled,,,,,,insufficient_training_rows;insufficient_training_dates;insufficient_tree_training_rows,descriptive_only,unavailable,bagged_tree,insufficient_training_rows;insufficient_training_dates;insufficient_tree_training_rows,unavailable,0,,insufficient_pairs,,pooled,pooled,,test,raw,2
1282,0.0,0,in_sample_fit,weather_only,train,6,1277,0,1277,cmt8,,,,,,insufficient_training_rows;insufficient_training_dates,descriptive_only,unavailable,ridge,insufficient_training_rows;insufficient_training_dates,unavailable,5,,insufficient_pairs,,per_sensor,openaq_11357424,,train,log1p,2
427,0.0,0,tuning_diagnostic,weather_only,train,6,422,0,422,cmt8,,,,,,insufficient_training_rows;insufficient_training_dates,descriptive_only,unavailable,ridge,insufficient_training_rows;insufficient_training_dates,unavailable,5,,insufficient_pairs,,per_sensor,openaq_11357424,,validation,log1p,3
428,0.0,0,final_refit_holdout,weather_only,train_plus_validation,6,428,0,428,cmt8,,,,,,insufficient_training_rows;insufficient_training_dates,descriptive_only,unavailable,ridge,insufficient_training_rows;insufficient_training_dates,unavailable,0,,insufficient_pairs,,per_sensor,openaq_11357424,,test,log1p,1
1282,0.0,0,in_sample_fit,weather_only,train,6,1277,0,1277,oceanpark,,,,,,insufficient_training_rows;insufficient_training_dates,descriptive_only,unavailable,ridge,insufficient_training_rows;insufficient_training_dates,unavailable,5,,insufficient_pairs,,per_sensor,openaq_14581375,,train,log1p,119
427,0.0,0,tuning_diagnostic,weather_only,train,6,422,0,422,oceanpark,,,,,,insufficient_training_rows;insufficient_training_dates,descriptive_only,unavailable,ridge,insufficient_training_rows;insufficient_training_dates,unavailable,5,,insufficient_pairs,,per_sensor,openaq_14581375,,validation,log1p,3
428,0.0,0,final_refit_holdout,weather_only,train_plus_validation,6,428,0,428,oceanpark,,,,,,insufficient_training_rows;insufficient_training_dates,descriptive_only,unavailable,ridge,insufficient_training_rows;insufficient_training_dates,unavailable,0,,insufficient_pairs,,per_sensor,openaq_14581375,,test,log1p,1
2564,0.0,0,in_sample_fit,weather_only,train,6,2554,0,2554,pooled,,,,,,insufficient_training_rows;insufficient_training_dates,descriptive_only,unavailable,ridge,insufficient_training_rows;insufficient_training_dates,unavailable,10,,insufficient_pairs,,pooled,pooled,,train,log1p,121
854,0.0,0,tuning_diagnostic,weather_only,train,6,844,0,844,pooled,,,,,,insufficient_training_rows;insufficient_training_dates,descriptive_only,unavailable,ridge,insufficient_training_rows;insufficient_training_dates,unavailable,10,,insufficient_pairs,,pooled,pooled,,validation,log1p,6
856,0.0,0,final_refit_holdout,weather_only,train_plus_validation,6,856,0,856,pooled,,,,,,insufficient_training_rows;insufficient_training_dates,descriptive_only,unavailable,ridge,insufficient_training_rows;insufficient_training_dates,unavailable,0,,insufficient_pairs,,pooled,pooled,,test,log1p,2
1282,0.0,0,in_sample_fit,weather_only,train,6,1277,0,1277,cmt8,,,,,,insufficient_training_rows;insufficient_training_dates,descriptive_only,unavailable,ridge,insufficient_training_rows;insufficient_training_dates,unavailable,5,,insufficient_pairs,,per_sensor,openaq_11357424,,train,raw,2
427,0.0,0,tuning_diagnostic,weather_only,train,6,422,0,422,cmt8,,,,,,insufficient_training_rows;insufficient_training_dates,descriptive_only,unavailable,ridge,insufficient_training_rows;insufficient_training_dates,unavailable,5,,insufficient_pairs,,per_sensor,openaq_11357424,,validation,raw,3
428,0.0,0,final_refit_holdout,weather_only,train_plus_validation,6,428,0,428,cmt8,,,,,,insufficient_training_rows;insufficient_training_dates,descriptive_only,unavailable,ridge,insufficient_training_rows;insufficient_training_dates,unavailable,0,,insufficient_pairs,,per_sensor,openaq_11357424,,test,raw,1
1282,0.0,0,in_sample_fit,weather_only,train,6,1277,0,1277,oceanpark,,,,,,insufficient_training_rows;insufficient_training_dates,descriptive_only,unavailable,ridge,insufficient_training_rows;insufficient_training_dates,unavailable,5,,insufficient_pairs,,per_sensor,openaq_14581375,,train,raw,119
427,0.0,0,tuning_diagnostic,weather_only,train,6,422,0,422,oceanpark,,,,,,insufficient_training_rows;insufficient_training_dates,descriptive_only,unavailable,ridge,insufficient_training_rows;insufficient_training_dates,unavailable,5,,insufficient_pairs,,per_sensor,openaq_14581375,,validation,raw,3
428,0.0,0,final_refit_holdout,weather_only,train_plus_validation,6,428,0,428,oceanpark,,,,,,insufficient_training_rows;insufficient_training_dates,descriptive_only,unavailable,ridge,insufficient_training_rows;insufficient_training_dates,unavailable,0,,insufficient_pairs,,per_sensor,openaq_14581375,,test,raw,1
2564,0.0,0,in_sample_fit,weather_only,train,6,2554,0,2554,pooled,,,,,,insufficient_training_rows;insufficient_training_dates,descriptive_only,unavailable,ridge,insufficient_training_rows;insufficient_training_dates,unavailable,10,,insufficient_pairs,,pooled,pooled,,train,raw,121
854,0.0,0,tuning_diagnostic,weather_only,train,6,844,0,844,pooled,,,,,,insufficient_training_rows;insufficient_training_dates,descriptive_only,unavailable,ridge,insufficient_training_rows;insufficient_training_dates,unavailable,10,,insufficient_pairs,,pooled,pooled,,validation,raw,6
856,0.0,0,final_refit_holdout,weather_only,train_plus_validation,6,856,0,856,pooled,,,,,,insufficient_training_rows;insufficient_training_dates,descriptive_only,unavailable,ridge,insufficient_training_rows;insufficient_training_dates,unavailable,0,,insufficient_pairs,,pooled,pooled,,test,raw,2
1282,98.04992199687987,1257,in_sample_fit,calendar_only,train,24,0,0,0,cmt8,6.417659266425218,1.4837903464128606,4.325179282868526,-1.6479324329999852,5.305375281648969,,descriptive_only,available,bagged_tree,,available,23,0.2697886151571893,,8.397881207520964,per_sensor,openaq_11357424,29.964546183387526,train,log1p,2
427,93.91100702576112,401,tuning_diagnostic,calendar_only,train,24,0,0,0,cmt8,7.94102737663106,1.835999586903701,4.325179282868526,-3.048855225806491,6.957181302031408,,descriptive_only,available,bagged_tree,,available,23,-0.07185119539675822,,10.113746191041402,per_sensor,openaq_11357424,35.87374071261504,validation,log1p,3
428,99.76635514018692,427,final_refit_holdout,calendar_only,train_plus_validation,24,0,0,0,cmt8,8.79178854427681,2.0326992176023646,4.325179282868526,-4.905983300478386,6.234144298351971,,descriptive_only,available,bagged_tree,,available,0,-0.2781639722436442,,11.784112657505162,per_sensor,openaq_11357424,37.34705254323142,test,log1p,1
1282,88.92355694227768,1140,in_sample_fit,calendar_only,train,24,0,0,0,oceanpark,13.088527556202175,1.9388139590437983,6.750790861159929,-6.502893249362931,10.405180471794605,,descriptive_only,available,bagged_tree,,available,23,0.1791086190096679,,17.48946828093422,per_sensor,openaq_14581375,49.506544317199285,train,log1p,119
427,93.91100702576112,401,tuning_diagnostic,calendar_only,train,24,0,0,0,oceanpark,13.660458011429329,2.0235344706089995,6.750790861159929,-11.353504319260896,10.499121105333685,,descriptive_only,available,bagged_tree,,available,23,-0.5815539340662972,,18.277264765439654,per_sensor,openaq_14581375,42.62504735266928,validation,log1p,3
428,99.76635514018692,427,final_refit_holdout,calendar_only,train_plus_validation,24,0,0,0,oceanpark,18.201935909132626,2.6962671905384945,6.750790861159929,9.311664895186398,16.238652604335133,,descriptive_only,available,bagged_tree,,available,0,-0.3083794120602381,,22.145175031748405,per_sensor,openaq_14581375,60.56783510627982,test,log1p,1
2564,93.48673946957878,2397,in_sample_fit,calendar_only,train,24,0,0,0,pooled,10.359674356828615,1.8706576890538065,5.537985072014228,-4.330519000673855,7.709172619913392,,descriptive_only,available,bagged_tree,,available,46,0.17837039566648005,,14.495626662087297,pooled,pooled,41.83405942754083,train,log1p,121
854,93.91100702576112,802,tuning_diagnostic,calendar_only,train,24,0,0,0,pooled,10.988231579598901,1.9841569517995028,5.537985072014228,-7.671725681407667,8.346023729222894,,descriptive_only,available,bagged_tree,,available,46,-0.19550930295170432,,15.017110953783483,pooled,pooled,40.026126059492235,validation,log1p,6
856,99.76635514018692,854,final_refit_holdout,calendar_only,train_plus_validation,24,0,0,0,pooled,13.433988763940395,2.4257899920727484,5.537985072014228,1.5786278234488715,10.08440085411687,,descriptive_only,available,bagged_tree,,available,0,-0.2534001857687931,,17.619487941082397,pooled,pooled,49.18398967174326,test,log1p,2
1282,98.04992199687987,1257,in_sample_fit,calendar_only,train,24,0,0,0,cmt8,6.485659369202805,1.4995122618134376,4.325179282868526,-0.06703319647020631,5.599802530549603,,descriptive_only,available,bagged_tree,,available,23,0.2984344982536157,,8.231510560894456,per_sensor,openaq_11357424,30.365643040982693,train,raw,2
427,93.91100702576112,401,tuning_diagnostic,calendar_only,train,24,0,0,0,cmt8,7.948024364562083,1.83761732052199,4.325179282868526,-1.2078262430428868,6.940928931179069,,descriptive_only,available,bagged_tree,,available,23,-0.003856967693466773,,9.787701616437158,per_sensor,openaq_11357424,35.887024579183894,validation,raw,3
428,99.76635514018692,427,final_refit_holdout,calendar_only,train_plus_validation,24,0,0,0,cmt8,8.377811934828049,1.9369860500376193,4.325179282868526,-2.353472804666447,6.702538708440871,,descriptive_only,available,bagged_tree,,available,0,-0.07401638113104236,,10.802121367693697,per_sensor,openaq_11357424,35.3413458116776,test,raw,1
1282,88.92355694227768,1140,in_sample_fit,calendar_only,train,24,0,0,0,oceanpark,12.366851374910867,1.8319114944091126,6.750790861159929,0.08020152575558989,9.55478532103752,,descriptive_only,available,bagged_tree,,available,23,0.2739366174082445,,16.44830026902043,per_sensor,openaq_14581375,45.99303145591102,train,raw,119
427,93.91100702576112,401,tuning_diagnostic,calendar_only,train,24,0,0,0,oceanpark,11.899791682737936,1.7627255720810908,6.750790861159929,-8.03266845271764,8.820605702450294,,descriptive_only,available,bagged_tree,,available,23,-0.2904576981893765,,16.50977239429928,per_sensor,openaq_14581375,35.83051375419218,validation,raw,3
428,99.76635514018692,427,final_refit_holdout,calendar_only,train_plus_validation,24,0,0,0,oceanpark,16.562506060928676,2.4534171479403355,6.750790861159929,6.260745484861604,14.303276750288425,,descriptive_only,available,bagged_tree,,available,0,-0.1721044352729839,,20.96019993835172,per_sensor,openaq_14581375,57.108378903005374,test,raw,1
2564,93.48673946957878,2397,in_sample_fit,calendar_only,train,24,0,0,0,pooled,9.687427919943042,1.7492694173008332,5.537985072014228,0.012822784401052787,7.169774480566129,,descriptive_only,available,bagged_tree,,available,46,0.30498399178084534,,13.332032371187614,pooled,pooled,39.09611072166169,train,raw,121
854,93.91100702576112,802,tuning_diagnostic,calendar_only,train,24,0,0,0,pooled,9.495413056318586,1.7145970841096898,5.537985072014228,-3.250873596911589,7.344068472710207,,descriptive_only,available,bagged_tree,,available,46,0.11521051807454663,,12.919029359415317,pooled,pooled,34.38050013096302,validation,raw,6
856,99.76635514018692,854,final_refit_holdout,calendar_only,train_plus_validation,24,0,0,0,pooled,13.008802450471665,2.3490136360624416,5.537985072014228,2.275811841624705,9.800384171468565,,descriptive_only,available,bagged_tree,,available,0,-0.22132511745618588,,17.39258160756022,pooled,pooled,47.40015920748623,test,raw,2
1282,98.04992199687987,1257,in_sample_fit,calendar_only,train,24,0,0,0,cmt8,6.715858664416207,1.552735326144017,4.325179282868526,-1.5995997339905683,5.047467977276224,,descriptive_only,available,ridge,,available,23,0.13473575123323556,,9.141549326621616,per_sensor,openaq_11357424,30.970270209492835,train,log1p,2
427,93.91100702576112,401,tuning_diagnostic,calendar_only,train,24,0,0,0,cmt8,7.613414725888149,1.7602541369889328,4.325179282868526,-3.924389619090678,5.927484971061114,,descriptive_only,available,ridge,,available,23,-0.005465667616183056,,9.795540966207072,per_sensor,openaq_11357424,34.734848680502935,validation,log1p,3
428,99.76635514018692,427,final_refit_holdout,calendar_only,train_plus_validation,24,0,0,0,cmt8,8.129366777983833,1.8795444642452626,4.325179282868526,-3.847894984511602,5.664951235807035,,descriptive_only,available,ridge,,available,0,-0.18552054479713442,,11.34901427101873,per_sensor,openaq_11357424,34.2523919872514,test,log1p,1
1282,88.92355694227768,1140,in_sample_fit,calendar_only,train,24,0,0,0,oceanpark,15.729687898292319,2.330051133533357,6.750790861159929,-7.47741681087438,14.031197376144545,,descriptive_only,available,ridge,,available,23,-0.0865930370921919,,20.121818027956877,per_sensor,openaq_14581375,57.56071704498379,train,log1p,119
427,93.91100702576112,401,tuning_diagnostic,calendar_only,train,24,0,0,0,oceanpark,12.785981170637085,1.8939975231939241,6.750790861159929,-9.155548475516758,10.101926605283403,,descriptive_only,available,ridge,,available,23,-0.42079319009409777,,17.323459821005155,per_sensor,openaq_14581375,39.38127732640364,validation,log1p,3
428,99.76635514018692,427,final_refit_holdout,calendar_only,train_plus_validation,24,0,0,0,oceanpark,13.879215754316457,2.0559392284197813,6.750790861159929,3.5441028036152367,10.90801616696875,,descriptive_only,available,ridge,,available,0,0.10606936973671788,,18.304765755842784,per_sensor,openaq_14581375,50.64468425894729,test,log1p,1
2564,93.48673946957878,2397,in_sample_fit,calendar_only,train,24,0,0,0,pooled,11.236008110948323,2.0288982301033287,5.537985072014228,-4.34738455516191,8.303188603402148,,descriptive_only,available,ridge,,available,46,0.05048174537325789,,15.58298364562131,pooled,pooled,44.786900803601064,train,log1p,121
854,93.91100702576112,802,tuning_diagnostic,calendar_only,train,24,0,0,0,pooled,10.348273623703948,1.8685990462484512,5.537985072014228,-6.625538942432295,7.446778206615946,,descriptive_only,available,ridge,,available,46,-0.07202586573593583,,14.22042386895015,pooled,pooled,37.74222004729071,validation,log1p,6
856,99.76635514018692,854,final_refit_holdout,calendar_only,train_plus_validation,24,0,0,0,pooled,10.94198185248181,1.975805588168927,5.537985072014228,-0.4828292985194313,8.285109331472965,,descriptive_only,available,ridge,,available,0,0.07163118038904337,,15.163822014741003,pooled,pooled,42.75691728976012,test,log1p,2
1282,98.04992199687987,1257,in_sample_fit,calendar_only,train,24,0,0,0,cmt8,6.899901636990975,1.5952868507256082,4.325179282868526,-2.5870934493954164e-14,5.715844747195238,,descriptive_only,available,ridge,,available,23,0.1642599580709444,,8.984233534868263,per_sensor,openaq_11357424,31.88987427880609,train,raw,2
427,93.91100702576112,401,tuning_diagnostic,calendar_only,train,24,0,0,0,cmt8,7.418093810659751,1.7150951036970554,4.325179282868526,-2.993696119506277,6.109930770870751,,descriptive_only,available,ridge,,available,23,0.05937796209548607,,9.474414416896412,per_sensor,openaq_11357424,33.62390319467285,validation,raw,3
428,99.76635514018692,427,final_refit_holdout,calendar_only,train_plus_validation,24,0,0,0,cmt8,8.199439668188365,1.8957456169887064,4.325179282868526,-2.5170665116656386,6.257880781908137,,descriptive_only,available,ridge,,available,0,-0.10569983583772347,,10.96029446731634,per_sensor,openaq_11357424,34.594084704052655,test,raw,1
1282,88.92355694227768,1140,in_sample_fit,calendar_only,train,24,0,0,0,oceanpark,14.487911562424314,2.146105820842298,6.750790861159929,3.280650604976568e-14,11.596817323743307,,descriptive_only,available,ridge,,available,23,0.06273177896748439,,18.688123880839207,per_sensor,openaq_14581375,51.25749321459237,train,raw,119
427,93.91100702576112,401,tuning_diagnostic,calendar_only,train,24,0,0,0,oceanpark,10.744808389944449,1.5916369816407352,6.750790861159929,-2.736712741765201,7.8001933015969165,,descriptive_only,available,ridge,,available,23,-0.05487986129688416,,14.926937016886207,per_sensor,openaq_14581375,31.760923018232532,validation,raw,3
428,99.76635514018692,427,final_refit_holdout,calendar_only,train_plus_validation,24,0,0,0,oceanpark,15.38334447118898,2.278747007212988,6.750790861159929,6.223563581716718,13.202249953513341,,descriptive_only,available,ridge,,available,0,-0.02315039827388765,,19.583125412888585,per_sensor,openaq_14581375,54.30704760476372,test,raw,1
2564,93.48673946957878,2397,in_sample_fit,calendar_only,train,24,0,0,0,pooled,10.762077116753614,1.943319993970176,5.537985072014228,3.9073921866590575e-14,7.9924947535661754,,descriptive_only,available,ridge,,available,46,0.15811864815859122,,14.673185247065833,pooled,pooled,42.13004112222146,train,raw,121
854,93.91100702576112,802,tuning_diagnostic,calendar_only,train,24,0,0,0,pooled,9.04051220923144,1.632455142379664,5.537985072014228,-2.900679789161781,6.62477087686301,,descriptive_only,available,ridge,,available,46,0.18013089005577243,,12.436041754115536,pooled,pooled,32.55785318414346,validation,raw,6
856,99.76635514018692,854,final_refit_holdout,calendar_only,train_plus_validation,24,0,0,0,pooled,11.724930497158855,2.117183478231075,5.537985072014228,1.8938769153324448,9.213473437120806,,descriptive_only,available,ridge,,available,0,0.005107427738149983,,15.697717156363447,pooled,pooled,44.72529052166468,test,raw,2
1282,0.0,0,in_sample_fit,history_only,train,24,1259,1259,0,cmt8,,,,,,insufficient_training_rows;insufficient_training_dates;insufficient_tree_training_rows,descriptive_only,unavailable,bagged_tree,insufficient_training_rows;insufficient_training_dates;insufficient_tree_training_rows,unavailable,23,,insufficient_pairs,,per_sensor,openaq_11357424,,train,log1p,2
427,0.0,0,tuning_diagnostic,history_only,train,24,404,404,0,cmt8,,,,,,insufficient_training_rows;insufficient_training_dates;insufficient_tree_training_rows,descriptive_only,unavailable,bagged_tree,insufficient_training_rows;insufficient_training_dates;insufficient_tree_training_rows,unavailable,23,,insufficient_pairs,,per_sensor,openaq_11357424,,validation,log1p,3
428,0.0,0,final_refit_holdout,history_only,train_plus_validation,24,428,428,0,cmt8,,,,,,insufficient_training_rows;insufficient_training_dates;insufficient_tree_training_rows,descriptive_only,unavailable,bagged_tree,insufficient_training_rows;insufficient_training_dates;insufficient_tree_training_rows,unavailable,0,,insufficient_pairs,,per_sensor,openaq_11357424,,test,log1p,1
1282,0.0,0,in_sample_fit,history_only,train,24,1259,1259,0,oceanpark,,,,,,insufficient_training_rows;insufficient_training_dates;insufficient_tree_training_rows,descriptive_only,unavailable,bagged_tree,insufficient_training_rows;insufficient_training_dates;insufficient_tree_training_rows,unavailable,23,,insufficient_pairs,,per_sensor,openaq_14581375,,train,log1p,119
427,0.0,0,tuning_diagnostic,history_only,train,24,404,404,0,oceanpark,,,,,,insufficient_training_rows;insufficient_training_dates;insufficient_tree_training_rows,descriptive_only,unavailable,bagged_tree,insufficient_training_rows;insufficient_training_dates;insufficient_tree_training_rows,unavailable,23,,insufficient_pairs,,per_sensor,openaq_14581375,,validation,log1p,3
428,0.0,0,final_refit_holdout,history_only,train_plus_validation,24,428,428,0,oceanpark,,,,,,insufficient_training_rows;insufficient_training_dates;insufficient_tree_training_rows,descriptive_only,unavailable,bagged_tree,insufficient_training_rows;insufficient_training_dates;insufficient_tree_training_rows,unavailable,0,,insufficient_pairs,,per_sensor,openaq_14581375,,test,log1p,1
2564,0.0,0,in_sample_fit,history_only,train,24,2518,2518,0,pooled,,,,,,insufficient_training_rows;insufficient_training_dates;insufficient_tree_training_rows,descriptive_only,unavailable,bagged_tree,insufficient_training_rows;insufficient_training_dates;insufficient_tree_training_rows,unavailable,46,,insufficient_pairs,,pooled,pooled,,train,log1p,121
854,0.0,0,tuning_diagnostic,history_only,train,24,808,808,0,pooled,,,,,,insufficient_training_rows;insufficient_training_dates;insufficient_tree_training_rows,descriptive_only,unavailable,bagged_tree,insufficient_training_rows;insufficient_training_dates;insufficient_tree_training_rows,unavailable,46,,insufficient_pairs,,pooled,pooled,,validation,log1p,6
856,0.0,0,final_refit_holdout,history_only,train_plus_validation,24,856,856,0,pooled,,,,,,insufficient_training_rows;insufficient_training_dates;insufficient_tree_training_rows,descriptive_only,unavailable,bagged_tree,insufficient_training_rows;insufficient_training_dates;insufficient_tree_training_rows,unavailable,0,,insufficient_pairs,,pooled,pooled,,test,log1p,2
1282,0.0,0,in_sample_fit,history_only,train,24,1259,1259,0,cmt8,,,,,,insufficient_training_rows;insufficient_training_dates;insufficient_tree_training_rows,descriptive_only,unavailable,bagged_tree,insufficient_training_rows;insufficient_training_dates;insufficient_tree_training_rows,unavailable,23,,insufficient_pairs,,per_sensor,openaq_11357424,,train,raw,2
427,0.0,0,tuning_diagnostic,history_only,train,24,404,404,0,cmt8,,,,,,insufficient_training_rows;insufficient_training_dates;insufficient_tree_training_rows,descriptive_only,unavailable,bagged_tree,insufficient_training_rows;insufficient_training_dates;insufficient_tree_training_rows,unavailable,23,,insufficient_pairs,,per_sensor,openaq_11357424,,validation,raw,3
428,0.0,0,final_refit_holdout,history_only,train_plus_validation,24,428,428,0,cmt8,,,,,,insufficient_training_rows;insufficient_training_dates;insufficient_tree_training_rows,descriptive_only,unavailable,bagged_tree,insufficient_training_rows;insufficient_training_dates;insufficient_tree_training_rows,unavailable,0,,insufficient_pairs,,per_sensor,openaq_11357424,,test,raw,1
1282,0.0,0,in_sample_fit,history_only,train,24,1259,1259,0,oceanpark,,,,,,insufficient_training_rows;insufficient_training_dates;insufficient_tree_training_rows,descriptive_only,unavailable,bagged_tree,insufficient_training_rows;insufficient_training_dates;insufficient_tree_training_rows,unavailable,23,,insufficient_pairs,,per_sensor,openaq_14581375,,train,raw,119
427,0.0,0,tuning_diagnostic,history_only,train,24,404,404,0,oceanpark,,,,,,insufficient_training_rows;insufficient_training_dates;insufficient_tree_training_rows,descriptive_only,unavailable,bagged_tree,insufficient_training_rows;insufficient_training_dates;insufficient_tree_training_rows,unavailable,23,,insufficient_pairs,,per_sensor,openaq_14581375,,validation,raw,3
428,0.0,0,final_refit_holdout,history_only,train_plus_validation,24,428,428,0,oceanpark,,,,,,insufficient_training_rows;insufficient_training_dates;insufficient_tree_training_rows,descriptive_only,unavailable,bagged_tree,insufficient_training_rows;insufficient_training_dates;insufficient_tree_training_rows,unavailable,0,,insufficient_pairs,,per_sensor,openaq_14581375,,test,raw,1
2564,0.0,0,in_sample_fit,history_only,train,24,2518,2518,0,pooled,,,,,,insufficient_training_rows;insufficient_training_dates;insufficient_tree_training_rows,descriptive_only,unavailable,bagged_tree,insufficient_training_rows;insufficient_training_dates;insufficient_tree_training_rows,unavailable,46,,insufficient_pairs,,pooled,pooled,,train,raw,121
854,0.0,0,tuning_diagnostic,history_only,train,24,808,808,0,pooled,,,,,,insufficient_training_rows;insufficient_training_dates;insufficient_tree_training_rows,descriptive_only,unavailable,bagged_tree,insufficient_training_rows;insufficient_training_dates;insufficient_tree_training_rows,unavailable,46,,insufficient_pairs,,pooled,pooled,,validation,raw,6
856,0.0,0,final_refit_holdout,history_only,train_plus_validation,24,856,856,0,pooled,,,,,,insufficient_training_rows;insufficient_training_dates;insufficient_tree_training_rows,descriptive_only,unavailable,bagged_tree,insufficient_training_rows;insufficient_training_dates;insufficient_tree_training_rows,unavailable,0,,insufficient_pairs,,pooled,pooled,,test,raw,2
1282,0.0,0,in_sample_fit,history_only,train,24,1259,1259,0,cmt8,,,,,,insufficient_training_rows;insufficient_training_dates,descriptive_only,unavailable,ridge,insufficient_training_rows;insufficient_training_dates,unavailable,23,,insufficient_pairs,,per_sensor,openaq_11357424,,train,log1p,2
427,0.0,0,tuning_diagnostic,history_only,train,24,404,404,0,cmt8,,,,,,insufficient_training_rows;insufficient_training_dates,descriptive_only,unavailable,ridge,insufficient_training_rows;insufficient_training_dates,unavailable,23,,insufficient_pairs,,per_sensor,openaq_11357424,,validation,log1p,3
428,0.0,0,final_refit_holdout,history_only,train_plus_validation,24,428,428,0,cmt8,,,,,,insufficient_training_rows;insufficient_training_dates,descriptive_only,unavailable,ridge,insufficient_training_rows;insufficient_training_dates,unavailable,0,,insufficient_pairs,,per_sensor,openaq_11357424,,test,log1p,1
1282,0.0,0,in_sample_fit,history_only,train,24,1259,1259,0,oceanpark,,,,,,insufficient_training_rows;insufficient_training_dates,descriptive_only,unavailable,ridge,insufficient_training_rows;insufficient_training_dates,unavailable,23,,insufficient_pairs,,per_sensor,openaq_14581375,,train,log1p,119
427,0.0,0,tuning_diagnostic,history_only,train,24,404,404,0,oceanpark,,,,,,insufficient_training_rows;insufficient_training_dates,descriptive_only,unavailable,ridge,insufficient_training_rows;insufficient_training_dates,unavailable,23,,insufficient_pairs,,per_sensor,openaq_14581375,,validation,log1p,3
428,0.0,0,final_refit_holdout,history_only,train_plus_validation,24,428,428,0,oceanpark,,,,,,insufficient_training_rows;insufficient_training_dates,descriptive_only,unavailable,ridge,insufficient_training_rows;insufficient_training_dates,unavailable,0,,insufficient_pairs,,per_sensor,openaq_14581375,,test,log1p,1
2564,0.0,0,in_sample_fit,history_only,train,24,2518,2518,0,pooled,,,,,,insufficient_training_rows;insufficient_training_dates,descriptive_only,unavailable,ridge,insufficient_training_rows;insufficient_training_dates,unavailable,46,,insufficient_pairs,,pooled,pooled,,train,log1p,121
854,0.0,0,tuning_diagnostic,history_only,train,24,808,808,0,pooled,,,,,,insufficient_training_rows;insufficient_training_dates,descriptive_only,unavailable,ridge,insufficient_training_rows;insufficient_training_dates,unavailable,46,,insufficient_pairs,,pooled,pooled,,validation,log1p,6
856,0.0,0,final_refit_holdout,history_only,train_plus_validation,24,856,856,0,pooled,,,,,,insufficient_training_rows;insufficient_training_dates,descriptive_only,unavailable,ridge,insufficient_training_rows;insufficient_training_dates,unavailable,0,,insufficient_pairs,,pooled,pooled,,test,log1p,2
1282,0.0,0,in_sample_fit,history_only,train,24,1259,1259,0,cmt8,,,,,,insufficient_training_rows;insufficient_training_dates,descriptive_only,unavailable,ridge,insufficient_training_rows;insufficient_training_dates,unavailable,23,,insufficient_pairs,,per_sensor,openaq_11357424,,train,raw,2
427,0.0,0,tuning_diagnostic,history_only,train,24,404,404,0,cmt8,,,,,,insufficient_training_rows;insufficient_training_dates,descriptive_only,unavailable,ridge,insufficient_training_rows;insufficient_training_dates,unavailable,23,,insufficient_pairs,,per_sensor,openaq_11357424,,validation,raw,3
428,0.0,0,final_refit_holdout,history_only,train_plus_validation,24,428,428,0,cmt8,,,,,,insufficient_training_rows;insufficient_training_dates,descriptive_only,unavailable,ridge,insufficient_training_rows;insufficient_training_dates,unavailable,0,,insufficient_pairs,,per_sensor,openaq_11357424,,test,raw,1
1282,0.0,0,in_sample_fit,history_only,train,24,1259,1259,0,oceanpark,,,,,,insufficient_training_rows;insufficient_training_dates,descriptive_only,unavailable,ridge,insufficient_training_rows;insufficient_training_dates,unavailable,23,,insufficient_pairs,,per_sensor,openaq_14581375,,train,raw,119
427,0.0,0,tuning_diagnostic,history_only,train,24,404,404,0,oceanpark,,,,,,insufficient_training_rows;insufficient_training_dates,descriptive_only,unavailable,ridge,insufficient_training_rows;insufficient_training_dates,unavailable,23,,insufficient_pairs,,per_sensor,openaq_14581375,,validation,raw,3
428,0.0,0,final_refit_holdout,history_only,train_plus_validation,24,428,428,0,oceanpark,,,,,,insufficient_training_rows;insufficient_training_dates,descriptive_only,unavailable,ridge,insufficient_training_rows;insufficient_training_dates,unavailable,0,,insufficient_pairs,,per_sensor,openaq_14581375,,test,raw,1
2564,0.0,0,in_sample_fit,history_only,train,24,2518,2518,0,pooled,,,,,,insufficient_training_rows;insufficient_training_dates,descriptive_only,unavailable,ridge,insufficient_training_rows;insufficient_training_dates,unavailable,46,,insufficient_pairs,,pooled,pooled,,train,raw,121
854,0.0,0,tuning_diagnostic,history_only,train,24,808,808,0,pooled,,,,,,insufficient_training_rows;insufficient_training_dates,descriptive_only,unavailable,ridge,insufficient_training_rows;insufficient_training_dates,unavailable,46,,insufficient_pairs,,pooled,pooled,,validation,raw,6
856,0.0,0,final_refit_holdout,history_only,train_plus_validation,24,856,856,0,pooled,,,,,,insufficient_training_rows;insufficient_training_dates,descriptive_only,unavailable,ridge,insufficient_training_rows;insufficient_training_dates,unavailable,0,,insufficient_pairs,,pooled,pooled,,test,raw,2
1282,0.0,0,in_sample_fit,history_weather,train,24,1259,1259,1259,cmt8,,,,,,insufficient_training_rows;insufficient_training_dates;insufficient_tree_training_rows,descriptive_only,unavailable,bagged_tree,insufficient_training_rows;insufficient_training_dates;insufficient_tree_training_rows,unavailable,23,,insufficient_pairs,,per_sensor,openaq_11357424,,train,log1p,2
427,0.0,0,tuning_diagnostic,history_weather,train,24,404,404,404,cmt8,,,,,,insufficient_training_rows;insufficient_training_dates;insufficient_tree_training_rows,descriptive_only,unavailable,bagged_tree,insufficient_training_rows;insufficient_training_dates;insufficient_tree_training_rows,unavailable,23,,insufficient_pairs,,per_sensor,openaq_11357424,,validation,log1p,3
428,0.0,0,final_refit_holdout,history_weather,train_plus_validation,24,428,428,428,cmt8,,,,,,insufficient_training_rows;insufficient_training_dates;insufficient_tree_training_rows,descriptive_only,unavailable,bagged_tree,insufficient_training_rows;insufficient_training_dates;insufficient_tree_training_rows,unavailable,0,,insufficient_pairs,,per_sensor,openaq_11357424,,test,log1p,1
1282,0.0,0,in_sample_fit,history_weather,train,24,1259,1259,1259,oceanpark,,,,,,insufficient_training_rows;insufficient_training_dates;insufficient_tree_training_rows,descriptive_only,unavailable,bagged_tree,insufficient_training_rows;insufficient_training_dates;insufficient_tree_training_rows,unavailable,23,,insufficient_pairs,,per_sensor,openaq_14581375,,train,log1p,119
427,0.0,0,tuning_diagnostic,history_weather,train,24,404,404,404,oceanpark,,,,,,insufficient_training_rows;insufficient_training_dates;insufficient_tree_training_rows,descriptive_only,unavailable,bagged_tree,insufficient_training_rows;insufficient_training_dates;insufficient_tree_training_rows,unavailable,23,,insufficient_pairs,,per_sensor,openaq_14581375,,validation,log1p,3
428,0.0,0,final_refit_holdout,history_weather,train_plus_validation,24,428,428,428,oceanpark,,,,,,insufficient_training_rows;insufficient_training_dates;insufficient_tree_training_rows,descriptive_only,unavailable,bagged_tree,insufficient_training_rows;insufficient_training_dates;insufficient_tree_training_rows,unavailable,0,,insufficient_pairs,,per_sensor,openaq_14581375,,test,log1p,1
2564,0.0,0,in_sample_fit,history_weather,train,24,2518,2518,2518,pooled,,,,,,insufficient_training_rows;insufficient_training_dates;insufficient_tree_training_rows,descriptive_only,unavailable,bagged_tree,insufficient_training_rows;insufficient_training_dates;insufficient_tree_training_rows,unavailable,46,,insufficient_pairs,,pooled,pooled,,train,log1p,121
854,0.0,0,tuning_diagnostic,history_weather,train,24,808,808,808,pooled,,,,,,insufficient_training_rows;insufficient_training_dates;insufficient_tree_training_rows,descriptive_only,unavailable,bagged_tree,insufficient_training_rows;insufficient_training_dates;insufficient_tree_training_rows,unavailable,46,,insufficient_pairs,,pooled,pooled,,validation,log1p,6
856,0.0,0,final_refit_holdout,history_weather,train_plus_validation,24,856,856,856,pooled,,,,,,insufficient_training_rows;insufficient_training_dates;insufficient_tree_training_rows,descriptive_only,unavailable,bagged_tree,insufficient_training_rows;insufficient_training_dates;insufficient_tree_training_rows,unavailable,0,,insufficient_pairs,,pooled,pooled,,test,log1p,2
1282,0.0,0,in_sample_fit,history_weather,train,24,1259,1259,1259,cmt8,,,,,,insufficient_training_rows;insufficient_training_dates;insufficient_tree_training_rows,descriptive_only,unavailable,bagged_tree,insufficient_training_rows;insufficient_training_dates;insufficient_tree_training_rows,unavailable,23,,insufficient_pairs,,per_sensor,openaq_11357424,,train,raw,2
427,0.0,0,tuning_diagnostic,history_weather,train,24,404,404,404,cmt8,,,,,,insufficient_training_rows;insufficient_training_dates;insufficient_tree_training_rows,descriptive_only,unavailable,bagged_tree,insufficient_training_rows;insufficient_training_dates;insufficient_tree_training_rows,unavailable,23,,insufficient_pairs,,per_sensor,openaq_11357424,,validation,raw,3
428,0.0,0,final_refit_holdout,history_weather,train_plus_validation,24,428,428,428,cmt8,,,,,,insufficient_training_rows;insufficient_training_dates;insufficient_tree_training_rows,descriptive_only,unavailable,bagged_tree,insufficient_training_rows;insufficient_training_dates;insufficient_tree_training_rows,unavailable,0,,insufficient_pairs,,per_sensor,openaq_11357424,,test,raw,1
1282,0.0,0,in_sample_fit,history_weather,train,24,1259,1259,1259,oceanpark,,,,,,insufficient_training_rows;insufficient_training_dates;insufficient_tree_training_rows,descriptive_only,unavailable,bagged_tree,insufficient_training_rows;insufficient_training_dates;insufficient_tree_training_rows,unavailable,23,,insufficient_pairs,,per_sensor,openaq_14581375,,train,raw,119
427,0.0,0,tuning_diagnostic,history_weather,train,24,404,404,404,oceanpark,,,,,,insufficient_training_rows;insufficient_training_dates;insufficient_tree_training_rows,descriptive_only,unavailable,bagged_tree,insufficient_training_rows;insufficient_training_dates;insufficient_tree_training_rows,unavailable,23,,insufficient_pairs,,per_sensor,openaq_14581375,,validation,raw,3
428,0.0,0,final_refit_holdout,history_weather,train_plus_validation,24,428,428,428,oceanpark,,,,,,insufficient_training_rows;insufficient_training_dates;insufficient_tree_training_rows,descriptive_only,unavailable,bagged_tree,insufficient_training_rows;insufficient_training_dates;insufficient_tree_training_rows,unavailable,0,,insufficient_pairs,,per_sensor,openaq_14581375,,test,raw,1
2564,0.0,0,in_sample_fit,history_weather,train,24,2518,2518,2518,pooled,,,,,,insufficient_training_rows;insufficient_training_dates;insufficient_tree_training_rows,descriptive_only,unavailable,bagged_tree,insufficient_training_rows;insufficient_training_dates;insufficient_tree_training_rows,unavailable,46,,insufficient_pairs,,pooled,pooled,,train,raw,121
854,0.0,0,tuning_diagnostic,history_weather,train,24,808,808,808,pooled,,,,,,insufficient_training_rows;insufficient_training_dates;insufficient_tree_training_rows,descriptive_only,unavailable,bagged_tree,insufficient_training_rows;insufficient_training_dates;insufficient_tree_training_rows,unavailable,46,,insufficient_pairs,,pooled,pooled,,validation,raw,6
856,0.0,0,final_refit_holdout,history_weather,train_plus_validation,24,856,856,856,pooled,,,,,,insufficient_training_rows;insufficient_training_dates;insufficient_tree_training_rows,descriptive_only,unavailable,bagged_tree,insufficient_training_rows;insufficient_training_dates;insufficient_tree_training_rows,unavailable,0,,insufficient_pairs,,pooled,pooled,,test,raw,2
1282,0.0,0,in_sample_fit,history_weather,train,24,1259,1259,1259,cmt8,,,,,,insufficient_training_rows;insufficient_training_dates,descriptive_only,unavailable,ridge,insufficient_training_rows;insufficient_training_dates,unavailable,23,,insufficient_pairs,,per_sensor,openaq_11357424,,train,log1p,2
427,0.0,0,tuning_diagnostic,history_weather,train,24,404,404,404,cmt8,,,,,,insufficient_training_rows;insufficient_training_dates,descriptive_only,unavailable,ridge,insufficient_training_rows;insufficient_training_dates,unavailable,23,,insufficient_pairs,,per_sensor,openaq_11357424,,validation,log1p,3
428,0.0,0,final_refit_holdout,history_weather,train_plus_validation,24,428,428,428,cmt8,,,,,,insufficient_training_rows;insufficient_training_dates,descriptive_only,unavailable,ridge,insufficient_training_rows;insufficient_training_dates,unavailable,0,,insufficient_pairs,,per_sensor,openaq_11357424,,test,log1p,1
1282,0.0,0,in_sample_fit,history_weather,train,24,1259,1259,1259,oceanpark,,,,,,insufficient_training_rows;insufficient_training_dates,descriptive_only,unavailable,ridge,insufficient_training_rows;insufficient_training_dates,unavailable,23,,insufficient_pairs,,per_sensor,openaq_14581375,,train,log1p,119
427,0.0,0,tuning_diagnostic,history_weather,train,24,404,404,404,oceanpark,,,,,,insufficient_training_rows;insufficient_training_dates,descriptive_only,unavailable,ridge,insufficient_training_rows;insufficient_training_dates,unavailable,23,,insufficient_pairs,,per_sensor,openaq_14581375,,validation,log1p,3
428,0.0,0,final_refit_holdout,history_weather,train_plus_validation,24,428,428,428,oceanpark,,,,,,insufficient_training_rows;insufficient_training_dates,descriptive_only,unavailable,ridge,insufficient_training_rows;insufficient_training_dates,unavailable,0,,insufficient_pairs,,per_sensor,openaq_14581375,,test,log1p,1
2564,0.0,0,in_sample_fit,history_weather,train,24,2518,2518,2518,pooled,,,,,,insufficient_training_rows;insufficient_training_dates,descriptive_only,unavailable,ridge,insufficient_training_rows;insufficient_training_dates,unavailable,46,,insufficient_pairs,,pooled,pooled,,train,log1p,121
854,0.0,0,tuning_diagnostic,history_weather,train,24,808,808,808,pooled,,,,,,insufficient_training_rows;insufficient_training_dates,descriptive_only,unavailable,ridge,insufficient_training_rows;insufficient_training_dates,unavailable,46,,insufficient_pairs,,pooled,pooled,,validation,log1p,6
856,0.0,0,final_refit_holdout,history_weather,train_plus_validation,24,856,856,856,pooled,,,,,,insufficient_training_rows;insufficient_training_dates,descriptive_only,unavailable,ridge,insufficient_training_rows;insufficient_training_dates,unavailable,0,,insufficient_pairs,,pooled,pooled,,test,log1p,2
1282,0.0,0,in_sample_fit,history_weather,train,24,1259,1259,1259,cmt8,,,,,,insufficient_training_rows;insufficient_training_dates,descriptive_only,unavailable,ridge,insufficient_training_rows;insufficient_training_dates,unavailable,23,,insufficient_pairs,,per_sensor,openaq_11357424,,train,raw,2
427,0.0,0,tuning_diagnostic,history_weather,train,24,404,404,404,cmt8,,,,,,insufficient_training_rows;insufficient_training_dates,descriptive_only,unavailable,ridge,insufficient_training_rows;insufficient_training_dates,unavailable,23,,insufficient_pairs,,per_sensor,openaq_11357424,,validation,raw,3
428,0.0,0,final_refit_holdout,history_weather,train_plus_validation,24,428,428,428,cmt8,,,,,,insufficient_training_rows;insufficient_training_dates,descriptive_only,unavailable,ridge,insufficient_training_rows;insufficient_training_dates,unavailable,0,,insufficient_pairs,,per_sensor,openaq_11357424,,test,raw,1
1282,0.0,0,in_sample_fit,history_weather,train,24,1259,1259,1259,oceanpark,,,,,,insufficient_training_rows;insufficient_training_dates,descriptive_only,unavailable,ridge,insufficient_training_rows;insufficient_training_dates,unavailable,23,,insufficient_pairs,,per_sensor,openaq_14581375,,train,raw,119
427,0.0,0,tuning_diagnostic,history_weather,train,24,404,404,404,oceanpark,,,,,,insufficient_training_rows;insufficient_training_dates,descriptive_only,unavailable,ridge,insufficient_training_rows;insufficient_training_dates,unavailable,23,,insufficient_pairs,,per_sensor,openaq_14581375,,validation,raw,3
428,0.0,0,final_refit_holdout,history_weather,train_plus_validation,24,428,428,428,oceanpark,,,,,,insufficient_training_rows;insufficient_training_dates,descriptive_only,unavailable,ridge,insufficient_training_rows;insufficient_training_dates,unavailable,0,,insufficient_pairs,,per_sensor,openaq_14581375,,test,raw,1
2564,0.0,0,in_sample_fit,history_weather,train,24,2518,2518,2518,pooled,,,,,,insufficient_training_rows;insufficient_training_dates,descriptive_only,unavailable,ridge,insufficient_training_rows;insufficient_training_dates,unavailable,46,,insufficient_pairs,,pooled,pooled,,train,raw,121
854,0.0,0,tuning_diagnostic,history_weather,train,24,808,808,808,pooled,,,,,,insufficient_training_rows;insufficient_training_dates,descriptive_only,unavailable,ridge,insufficient_training_rows;insufficient_training_dates,unavailable,46,,insufficient_pairs,,pooled,pooled,,validation,raw,6
856,0.0,0,final_refit_holdout,history_weather,train_plus_validation,24,856,856,856,pooled,,,,,,insufficient_training_rows;insufficient_training_dates,descriptive_only,unavailable,ridge,insufficient_training_rows;insufficient_training_dates,unavailable,0,,insufficient_pairs,,pooled,pooled,,test,raw,2
1282,0.0,0,in_sample_fit,weather_only,train,24,1259,0,1259,cmt8,,,,,,insufficient_training_rows;insufficient_training_dates;insufficient_tree_training_rows,descriptive_only,unavailable,bagged_tree,insufficient_training_rows;insufficient_training_dates;insufficient_tree_training_rows,unavailable,23,,insufficient_pairs,,per_sensor,openaq_11357424,,train,log1p,2
427,0.0,0,tuning_diagnostic,weather_only,train,24,404,0,404,cmt8,,,,,,insufficient_training_rows;insufficient_training_dates;insufficient_tree_training_rows,descriptive_only,unavailable,bagged_tree,insufficient_training_rows;insufficient_training_dates;insufficient_tree_training_rows,unavailable,23,,insufficient_pairs,,per_sensor,openaq_11357424,,validation,log1p,3
428,0.0,0,final_refit_holdout,weather_only,train_plus_validation,24,428,0,428,cmt8,,,,,,insufficient_training_rows;insufficient_training_dates;insufficient_tree_training_rows,descriptive_only,unavailable,bagged_tree,insufficient_training_rows;insufficient_training_dates;insufficient_tree_training_rows,unavailable,0,,insufficient_pairs,,per_sensor,openaq_11357424,,test,log1p,1
1282,0.0,0,in_sample_fit,weather_only,train,24,1259,0,1259,oceanpark,,,,,,insufficient_training_rows;insufficient_training_dates;insufficient_tree_training_rows,descriptive_only,unavailable,bagged_tree,insufficient_training_rows;insufficient_training_dates;insufficient_tree_training_rows,unavailable,23,,insufficient_pairs,,per_sensor,openaq_14581375,,train,log1p,119
427,0.0,0,tuning_diagnostic,weather_only,train,24,404,0,404,oceanpark,,,,,,insufficient_training_rows;insufficient_training_dates;insufficient_tree_training_rows,descriptive_only,unavailable,bagged_tree,insufficient_training_rows;insufficient_training_dates;insufficient_tree_training_rows,unavailable,23,,insufficient_pairs,,per_sensor,openaq_14581375,,validation,log1p,3
428,0.0,0,final_refit_holdout,weather_only,train_plus_validation,24,428,0,428,oceanpark,,,,,,insufficient_training_rows;insufficient_training_dates;insufficient_tree_training_rows,descriptive_only,unavailable,bagged_tree,insufficient_training_rows;insufficient_training_dates;insufficient_tree_training_rows,unavailable,0,,insufficient_pairs,,per_sensor,openaq_14581375,,test,log1p,1
2564,0.0,0,in_sample_fit,weather_only,train,24,2518,0,2518,pooled,,,,,,insufficient_training_rows;insufficient_training_dates;insufficient_tree_training_rows,descriptive_only,unavailable,bagged_tree,insufficient_training_rows;insufficient_training_dates;insufficient_tree_training_rows,unavailable,46,,insufficient_pairs,,pooled,pooled,,train,log1p,121
854,0.0,0,tuning_diagnostic,weather_only,train,24,808,0,808,pooled,,,,,,insufficient_training_rows;insufficient_training_dates;insufficient_tree_training_rows,descriptive_only,unavailable,bagged_tree,insufficient_training_rows;insufficient_training_dates;insufficient_tree_training_rows,unavailable,46,,insufficient_pairs,,pooled,pooled,,validation,log1p,6
856,0.0,0,final_refit_holdout,weather_only,train_plus_validation,24,856,0,856,pooled,,,,,,insufficient_training_rows;insufficient_training_dates;insufficient_tree_training_rows,descriptive_only,unavailable,bagged_tree,insufficient_training_rows;insufficient_training_dates;insufficient_tree_training_rows,unavailable,0,,insufficient_pairs,,pooled,pooled,,test,log1p,2
1282,0.0,0,in_sample_fit,weather_only,train,24,1259,0,1259,cmt8,,,,,,insufficient_training_rows;insufficient_training_dates;insufficient_tree_training_rows,descriptive_only,unavailable,bagged_tree,insufficient_training_rows;insufficient_training_dates;insufficient_tree_training_rows,unavailable,23,,insufficient_pairs,,per_sensor,openaq_11357424,,train,raw,2
427,0.0,0,tuning_diagnostic,weather_only,train,24,404,0,404,cmt8,,,,,,insufficient_training_rows;insufficient_training_dates;insufficient_tree_training_rows,descriptive_only,unavailable,bagged_tree,insufficient_training_rows;insufficient_training_dates;insufficient_tree_training_rows,unavailable,23,,insufficient_pairs,,per_sensor,openaq_11357424,,validation,raw,3
428,0.0,0,final_refit_holdout,weather_only,train_plus_validation,24,428,0,428,cmt8,,,,,,insufficient_training_rows;insufficient_training_dates;insufficient_tree_training_rows,descriptive_only,unavailable,bagged_tree,insufficient_training_rows;insufficient_training_dates;insufficient_tree_training_rows,unavailable,0,,insufficient_pairs,,per_sensor,openaq_11357424,,test,raw,1
1282,0.0,0,in_sample_fit,weather_only,train,24,1259,0,1259,oceanpark,,,,,,insufficient_training_rows;insufficient_training_dates;insufficient_tree_training_rows,descriptive_only,unavailable,bagged_tree,insufficient_training_rows;insufficient_training_dates;insufficient_tree_training_rows,unavailable,23,,insufficient_pairs,,per_sensor,openaq_14581375,,train,raw,119
427,0.0,0,tuning_diagnostic,weather_only,train,24,404,0,404,oceanpark,,,,,,insufficient_training_rows;insufficient_training_dates;insufficient_tree_training_rows,descriptive_only,unavailable,bagged_tree,insufficient_training_rows;insufficient_training_dates;insufficient_tree_training_rows,unavailable,23,,insufficient_pairs,,per_sensor,openaq_14581375,,validation,raw,3
428,0.0,0,final_refit_holdout,weather_only,train_plus_validation,24,428,0,428,oceanpark,,,,,,insufficient_training_rows;insufficient_training_dates;insufficient_tree_training_rows,descriptive_only,unavailable,bagged_tree,insufficient_training_rows;insufficient_training_dates;insufficient_tree_training_rows,unavailable,0,,insufficient_pairs,,per_sensor,openaq_14581375,,test,raw,1
2564,0.0,0,in_sample_fit,weather_only,train,24,2518,0,2518,pooled,,,,,,insufficient_training_rows;insufficient_training_dates;insufficient_tree_training_rows,descriptive_only,unavailable,bagged_tree,insufficient_training_rows;insufficient_training_dates;insufficient_tree_training_rows,unavailable,46,,insufficient_pairs,,pooled,pooled,,train,raw,121
854,0.0,0,tuning_diagnostic,weather_only,train,24,808,0,808,pooled,,,,,,insufficient_training_rows;insufficient_training_dates;insufficient_tree_training_rows,descriptive_only,unavailable,bagged_tree,insufficient_training_rows;insufficient_training_dates;insufficient_tree_training_rows,unavailable,46,,insufficient_pairs,,pooled,pooled,,validation,raw,6
856,0.0,0,final_refit_holdout,weather_only,train_plus_validation,24,856,0,856,pooled,,,,,,insufficient_training_rows;insufficient_training_dates;insufficient_tree_training_rows,descriptive_only,unavailable,bagged_tree,insufficient_training_rows;insufficient_training_dates;insufficient_tree_training_rows,unavailable,0,,insufficient_pairs,,pooled,pooled,,test,raw,2
1282,0.0,0,in_sample_fit,weather_only,train,24,1259,0,1259,cmt8,,,,,,insufficient_training_rows;insufficient_training_dates,descriptive_only,unavailable,ridge,insufficient_training_rows;insufficient_training_dates,unavailable,23,,insufficient_pairs,,per_sensor,openaq_11357424,,train,log1p,2
427,0.0,0,tuning_diagnostic,weather_only,train,24,404,0,404,cmt8,,,,,,insufficient_training_rows;insufficient_training_dates,descriptive_only,unavailable,ridge,insufficient_training_rows;insufficient_training_dates,unavailable,23,,insufficient_pairs,,per_sensor,openaq_11357424,,validation,log1p,3
428,0.0,0,final_refit_holdout,weather_only,train_plus_validation,24,428,0,428,cmt8,,,,,,insufficient_training_rows;insufficient_training_dates,descriptive_only,unavailable,ridge,insufficient_training_rows;insufficient_training_dates,unavailable,0,,insufficient_pairs,,per_sensor,openaq_11357424,,test,log1p,1
1282,0.0,0,in_sample_fit,weather_only,train,24,1259,0,1259,oceanpark,,,,,,insufficient_training_rows;insufficient_training_dates,descriptive_only,unavailable,ridge,insufficient_training_rows;insufficient_training_dates,unavailable,23,,insufficient_pairs,,per_sensor,openaq_14581375,,train,log1p,119
427,0.0,0,tuning_diagnostic,weather_only,train,24,404,0,404,oceanpark,,,,,,insufficient_training_rows;insufficient_training_dates,descriptive_only,unavailable,ridge,insufficient_training_rows;insufficient_training_dates,unavailable,23,,insufficient_pairs,,per_sensor,openaq_14581375,,validation,log1p,3
428,0.0,0,final_refit_holdout,weather_only,train_plus_validation,24,428,0,428,oceanpark,,,,,,insufficient_training_rows;insufficient_training_dates,descriptive_only,unavailable,ridge,insufficient_training_rows;insufficient_training_dates,unavailable,0,,insufficient_pairs,,per_sensor,openaq_14581375,,test,log1p,1
2564,0.0,0,in_sample_fit,weather_only,train,24,2518,0,2518,pooled,,,,,,insufficient_training_rows;insufficient_training_dates,descriptive_only,unavailable,ridge,insufficient_training_rows;insufficient_training_dates,unavailable,46,,insufficient_pairs,,pooled,pooled,,train,log1p,121
854,0.0,0,tuning_diagnostic,weather_only,train,24,808,0,808,pooled,,,,,,insufficient_training_rows;insufficient_training_dates,descriptive_only,unavailable,ridge,insufficient_training_rows;insufficient_training_dates,unavailable,46,,insufficient_pairs,,pooled,pooled,,validation,log1p,6
856,0.0,0,final_refit_holdout,weather_only,train_plus_validation,24,856,0,856,pooled,,,,,,insufficient_training_rows;insufficient_training_dates,descriptive_only,unavailable,ridge,insufficient_training_rows;insufficient_training_dates,unavailable,0,,insufficient_pairs,,pooled,pooled,,test,log1p,2
1282,0.0,0,in_sample_fit,weather_only,train,24,1259,0,1259,cmt8,,,,,,insufficient_training_rows;insufficient_training_dates,descriptive_only,unavailable,ridge,insufficient_training_rows;insufficient_training_dates,unavailable,23,,insufficient_pairs,,per_sensor,openaq_11357424,,train,raw,2
427,0.0,0,tuning_diagnostic,weather_only,train,24,404,0,404,cmt8,,,,,,insufficient_training_rows;insufficient_training_dates,descriptive_only,unavailable,ridge,insufficient_training_rows;insufficient_training_dates,unavailable,23,,insufficient_pairs,,per_sensor,openaq_11357424,,validation,raw,3
428,0.0,0,final_refit_holdout,weather_only,train_plus_validation,24,428,0,428,cmt8,,,,,,insufficient_training_rows;insufficient_training_dates,descriptive_only,unavailable,ridge,insufficient_training_rows;insufficient_training_dates,unavailable,0,,insufficient_pairs,,per_sensor,openaq_11357424,,test,raw,1
1282,0.0,0,in_sample_fit,weather_only,train,24,1259,0,1259,oceanpark,,,,,,insufficient_training_rows;insufficient_training_dates,descriptive_only,unavailable,ridge,insufficient_training_rows;insufficient_training_dates,unavailable,23,,insufficient_pairs,,per_sensor,openaq_14581375,,train,raw,119
427,0.0,0,tuning_diagnostic,weather_only,train,24,404,0,404,oceanpark,,,,,,insufficient_training_rows;insufficient_training_dates,descriptive_only,unavailable,ridge,insufficient_training_rows;insufficient_training_dates,unavailable,23,,insufficient_pairs,,per_sensor,openaq_14581375,,validation,raw,3
428,0.0,0,final_refit_holdout,weather_only,train_plus_validation,24,428,0,428,oceanpark,,,,,,insufficient_training_rows;insufficient_training_dates,descriptive_only,unavailable,ridge,insufficient_training_rows;insufficient_training_dates,unavailable,0,,insufficient_pairs,,per_sensor,openaq_14581375,,test,raw,1
2564,0.0,0,in_sample_fit,weather_only,train,24,2518,0,2518,pooled,,,,,,insufficient_training_rows;insufficient_training_dates,descriptive_only,unavailable,ridge,insufficient_training_rows;insufficient_training_dates,unavailable,46,,insufficient_pairs,,pooled,pooled,,train,raw,121
854,0.0,0,tuning_diagnostic,weather_only,train,24,808,0,808,pooled,,,,,,insufficient_training_rows;insufficient_training_dates,descriptive_only,unavailable,ridge,insufficient_training_rows;insufficient_training_dates,unavailable,46,,insufficient_pairs,,pooled,pooled,,validation,raw,6
856,0.0,0,final_refit_holdout,weather_only,train_plus_validation,24,856,0,856,pooled,,,,,,insufficient_training_rows;insufficient_training_dates,descriptive_only,unavailable,ridge,insufficient_training_rows;insufficient_training_dates,unavailable,0,,insufficient_pairs,,pooled,pooled,,test,raw,2
