accepted_hours,coverage_percent,expected_hours,full_local_day,local_date,maximum,mean,median,minimum,n,p25,p5,p75,p95,qualified_mean,sensor_id,stdev
17,100.0,17,False,2026-06-08,32.9,27.488235294117647,27.7,20.4,17,25.9,21.04,29.2,32.019999999999996,,openaq_11357424,3.4367285230545157
24,100.0,24,True,2026-06-09,37.6,22.40416666666667,22.549999999999997,7.7,24,19.049999999999997,11.74,27.425,29.285,22.40416666666667,openaq_11357424,6.6033903786429
24,100.0,24,True,2026-06-10,31.2,19.820833333333333,20.0,9.2,24,14.5,11.005,25.2,29.294999999999998,19.820833333333333,openaq_11357424,6.305896423994366
24,100.0,24,True,2026-06-11,35.5,21.1875,20.200000000000003,7.6,24,15.775,8.229999999999999,29.425,33.995,21.1875,openaq_11357424,8.815614235424897
24,100.0,24,True,2026-06-12,63.7,39.229166666666664,44.35,19.8,24,26.45,20.45,48.95,52.709999999999994,39.229166666666664,openaq_11357424,12.593838354241079
24,100.0,24,True,2026-06-13,54.8,31.78333333333333,30.15,12.1,24,25.525,12.41,40.525,48.32,31.78333333333333,openaq_11357424,12.103347243335358
24,100.0,24,True,2026-06-14,55.5,32.05,28.700000000000003,11.0,24,19.775,14.575,44.699999999999996,53.285,32.05,openaq_11357424,14.492156799305347
24,100.0,24,True,2026-06-15,28.7,19.804166666666667,18.3,13.2,24,14.575,13.915000000000001,25.4,27.225,19.804166666666667,openaq_11357424,5.379791426914379
24,100.0,24,True,2026-06-16,37.6,26.154166666666665,27.65,8.0,24,20.825,9.8,33.65,36.17999999999999,26.154166666666665,openaq_11357424,8.756462416865102
24,100.0,24,True,2026-06-17,43.9,27.5,27.6,7.6,24,22.325000000000003,14.375,32.525,40.504999999999995,27.5,openaq_11357424,8.327116521654863
24,100.0,24,True,2026-06-18,35.4,24.079166666666666,24.85,7.7,24,19.799999999999997,12.395,28.95,33.834999999999994,24.079166666666666,openaq_11357424,7.1431316458640834
24,100.0,24,True,2026-06-19,82.2,28.066666666666666,24.75,12.1,24,17.65,12.585,30.400000000000002,49.059999999999995,28.066666666666666,openaq_11357424,15.436311416427422
24,100.0,24,True,2026-06-20,34.9,20.225,18.8,8.3,24,16.125,10.750000000000002,24.375,31.349999999999994,20.225,openaq_11357424,6.623426802546825
24,100.0,24,True,2026-06-21,41.1,23.675,21.35,12.3,24,17.474999999999998,13.005,30.8,37.724999999999994,23.675,openaq_11357424,8.634473373332192
24,100.0,24,True,2026-06-22,40.4,24.283333333333335,22.8,12.5,24,16.575,13.74,31.575,35.794999999999995,24.283333333333335,openaq_11357424,8.304721897637599
24,100.0,24,True,2026-06-23,34.6,20.375,19.45,8.8,24,12.3,9.06,30.475,34.185,20.375,openaq_11357424,9.172228878996405
24,100.0,24,True,2026-06-24,33.0,23.9625,23.75,14.1,24,20.75,14.55,28.475,31.419999999999998,23.9625,openaq_11357424,5.417910113687749
24,100.0,24,True,2026-06-25,25.4,16.22083333333333,15.95,9.5,24,11.524999999999999,9.76,21.474999999999998,23.88,16.22083333333333,openaq_11357424,5.282043343636814
24,100.0,24,True,2026-06-26,29.4,17.191666666666666,15.399999999999999,9.4,24,11.275,10.19,21.400000000000002,27.27,17.191666666666666,openaq_11357424,6.19922271892538
24,100.0,24,True,2026-06-27,34.9,20.179166666666667,18.5,10.4,24,13.625,10.515,28.075000000000003,33.059999999999995,20.179166666666667,openaq_11357424,7.931444255053079
24,100.0,24,True,2026-06-28,31.1,16.158333333333335,14.5,5.9,24,11.425,7.075,18.275000000000002,29.985,16.158333333333335,openaq_11357424,7.004775803547964
24,100.0,24,True,2026-06-29,23.4,14.154166666666667,12.8,5.9,24,9.875,6.905,18.525,23.339999999999996,14.154166666666667,openaq_11357424,5.5714317234688755
24,100.0,24,True,2026-06-30,30.5,17.066666666666666,15.95,8.7,24,11.9,9.43,21.175,29.634999999999994,17.066666666666666,openaq_11357424,6.538027003725916
24,100.0,24,True,2026-07-01,29.7,16.195833333333333,16.0,3.8,24,9.05,4.365,23.35,26.585,16.195833333333333,openaq_11357424,8.436642602706192
24,100.0,24,True,2026-07-02,27.8,15.766666666666667,16.35,5.2,24,10.525,5.7,18.775,26.159999999999997,15.766666666666667,openaq_11357424,6.489366999790581
24,100.0,24,True,2026-07-03,20.1,13.125,13.5,5.7,24,10.575000000000001,6.485,16.0,18.789999999999996,13.125,openaq_11357424,3.7848956105299254
24,100.0,24,True,2026-07-04,35.6,16.508333333333333,16.6,3.6,24,12.325,5.12,20.175,29.349999999999984,16.508333333333333,openaq_11357424,7.478544189105644
24,100.0,24,True,2026-07-05,50.1,22.3375,20.799999999999997,14.9,24,19.1,16.945,23.200000000000003,32.89499999999998,22.3375,openaq_11357424,7.03443780393226
24,100.0,24,True,2026-07-06,68.0,35.72083333333333,35.75,18.3,24,29.2,21.77,39.3,56.944999999999965,35.72083333333333,openaq_11357424,11.002528530204819
22,91.66666666666667,24,True,2026-07-07,39.7,32.027272727272724,32.7,20.3,22,27.9,24.93,36.349999999999994,39.13,32.027272727272724,openaq_11357424,5.147091811164254
24,100.0,24,True,2026-07-08,46.9,30.804166666666667,29.8,16.6,24,26.7,17.225,36.075,43.714999999999996,30.804166666666667,openaq_11357424,8.339141816271267
24,100.0,24,True,2026-07-09,39.7,19.075,17.5,10.2,24,13.674999999999999,11.450000000000001,21.775,28.894999999999996,19.075,openaq_11357424,6.605218621929048
24,100.0,24,True,2026-07-10,31.3,20.558333333333334,18.75,13.2,24,17.125,13.655000000000001,24.275,29.184999999999995,20.558333333333334,openaq_11357424,5.105148012730293
24,100.0,24,True,2026-07-11,31.2,20.479166666666668,19.8,14.5,24,16.799999999999997,14.605,22.65,28.029999999999998,20.479166666666668,openaq_11357424,4.629393721847825
24,100.0,24,True,2026-07-12,24.6,15.3,15.35,9.4,24,12.375,9.915000000000001,17.7,23.809999999999988,15.3,openaq_11357424,4.262271286736583
24,100.0,24,True,2026-07-13,23.6,14.216666666666667,14.65,5.1,24,8.575,5.8149999999999995,17.650000000000002,21.139999999999997,14.216666666666667,openaq_11357424,5.263464445687317
24,100.0,24,True,2026-07-14,27.1,15.491666666666667,12.8,5.3,24,9.700000000000001,7.01,20.35,26.424999999999997,15.491666666666667,openaq_11357424,7.07401347656807
24,100.0,24,True,2026-07-15,51.0,27.683333333333334,26.1,12.0,24,21.2,18.075,31.05,45.025,27.683333333333334,openaq_11357424,9.084945342931787
24,100.0,24,True,2026-07-16,53.7,22.283333333333335,18.450000000000003,7.1,24,14.649999999999999,9.8,28.825,44.179999999999986,22.283333333333335,openaq_11357424,11.640210167931814
24,100.0,24,True,2026-07-17,44.4,29.03333333333333,28.2,13.0,24,20.075000000000003,14.02,39.6,42.07,29.03333333333333,openaq_11357424,10.620188595175767
24,100.0,24,True,2026-07-18,43.8,31.85,32.900000000000006,20.3,24,28.225,21.405,36.0,38.94,31.85,openaq_11357424,6.236916741049427
24,100.0,24,True,2026-07-19,35.4,23.8875,24.05,14.2,24,20.25,14.56,27.45,33.17,23.8875,openaq_11357424,5.949081953289643
24,100.0,24,True,2026-07-20,41.6,22.3875,20.85,12.3,24,15.975,13.02,25.425,38.54,22.3875,openaq_11357424,8.181331479814805
24,100.0,24,True,2026-07-21,43.0,23.28333333333333,21.6,13.8,24,18.6,14.469999999999999,27.1,33.385,23.28333333333333,openaq_11357424,7.015738001817408
24,100.0,24,True,2026-07-22,45.7,21.383333333333333,19.25,12.8,24,15.5,12.975,25.674999999999997,33.72,21.383333333333333,openaq_11357424,7.877908940535066
24,100.0,24,True,2026-07-23,40.1,23.795833333333334,21.8,9.8,24,18.0,14.729999999999999,30.05,36.415,23.795833333333334,openaq_11357424,8.122618937620864
24,100.0,24,True,2026-07-24,36.3,22.404166666666665,20.8,10.2,24,17.25,10.615,26.875,36.055,22.404166666666665,openaq_11357424,7.562118357839356
24,100.0,24,True,2026-07-25,36.6,23.729166666666668,24.5,10.3,24,18.425,11.125,28.2,35.68499999999999,23.729166666666668,openaq_11357424,7.202443979328289
24,100.0,24,True,2026-07-26,33.4,18.0375,17.25,6.0,24,12.975,8.215,21.275000000000002,29.98,18.0375,openaq_11357424,7.220009183421836
24,100.0,24,True,2026-07-27,37.3,17.666666666666668,15.05,7.7,24,11.950000000000001,10.045,20.5,31.974999999999998,17.666666666666668,openaq_11357424,7.8925207670281745
24,100.0,24,True,2026-07-28,39.4,18.220833333333335,18.05,4.8,24,13.149999999999999,6.24,20.85,35.82499999999998,18.220833333333335,openaq_11357424,8.68626998382413
24,100.0,24,True,2026-07-29,39.6,24.858333333333334,24.2,10.6,24,17.575,13.09,34.0,37.105,24.858333333333334,openaq_11357424,8.925435888353098
24,100.0,24,True,2026-07-30,36.7,22.991666666666667,22.4,12.2,24,19.349999999999998,12.91,26.349999999999998,35.92499999999999,22.991666666666667,openaq_11357424,6.815003694960029
24,100.0,24,True,2026-07-31,35.1,15.683333333333334,15.9,6.3,24,13.3,6.46,18.625,22.984999999999992,15.683333333333334,openaq_11357424,6.270335034850639
24,100.0,24,True,2026-08-01,28.1,19.720833333333335,17.95,13.2,24,16.675,14.405000000000001,23.1,27.454999999999995,19.720833333333335,openaq_11357424,4.243150917672494
24,100.0,24,True,2026-08-02,51.8,24.625,20.799999999999997,11.8,24,17.75,12.735,28.7,48.60999999999999,24.625,openaq_11357424,11.164783531459435
24,100.0,24,True,2026-08-03,31.6,21.158333333333335,20.55,13.6,24,17.225,14.56,24.625,29.064999999999998,21.158333333333335,openaq_11357424,4.833570708813666
24,100.0,24,True,2026-08-04,38.9,26.72083333333333,26.299999999999997,16.4,24,21.325000000000003,18.69,31.8,36.37,26.72083333333333,openaq_11357424,6.4632055020956
24,100.0,24,True,2026-08-05,65.2,36.27916666666667,33.3,27.3,24,29.675,27.73,40.175,52.73499999999997,36.27916666666667,openaq_11357424,8.933229571644857
24,100.0,24,True,2026-08-06,33.1,23.5,23.3,9.1,24,20.3,14.93,28.55,32.41,23.5,openaq_11357424,6.344597153758327
24,100.0,24,True,2026-08-07,41.2,30.283333333333335,32.25,12.3,24,24.275,16.935000000000002,37.824999999999996,40.58,30.283333333333335,openaq_11357424,8.509210695867548
24,100.0,24,True,2026-08-08,38.7,28.954166666666666,31.0,13.6,24,23.3,17.365,34.2,38.33,28.954166666666666,openaq_11357424,7.143192512830822
24,100.0,24,True,2026-08-09,18.6,13.241666666666667,12.7,8.3,24,11.1,9.110000000000001,15.6,18.51,13.241666666666667,openaq_11357424,2.915612645988708
24,100.0,24,True,2026-08-10,34.6,17.4625,16.5,7.6,24,10.825,9.075,22.75,27.779999999999998,17.4625,openaq_11357424,7.277350957355413
24,100.0,24,True,2026-08-11,43.8,24.875,24.1,5.3,24,16.225,6.585,36.400000000000006,42.19499999999999,24.875,openaq_11357424,12.251574876583081
24,100.0,24,True,2026-08-12,45.7,27.533333333333335,26.5,13.7,24,19.6,14.53,35.125,44.379999999999995,27.533333333333335,openaq_11357424,10.103966791688116
24,100.0,24,True,2026-08-13,40.4,28.091666666666665,30.15,15.1,24,25.674999999999997,16.215,32.175,36.14,28.091666666666665,openaq_11357424,7.004465449403263
24,100.0,24,True,2026-08-14,34.8,18.15833333333333,17.15,8.7,24,13.025,10.825,20.8,31.189999999999994,18.15833333333333,openaq_11357424,6.762422814261216
24,100.0,24,True,2026-08-15,32.3,13.225,12.9,3.7,24,8.600000000000001,4.800000000000001,15.9,23.114999999999988,13.225,openaq_11357424,6.3757863965093
24,100.0,24,True,2026-08-16,28.8,15.870833333333334,15.3,10.2,24,11.5,10.3,18.95,24.34499999999999,15.870833333333334,openaq_11357424,4.905496399706785
21,87.5,24,True,2026-08-17,31.3,17.5,14.7,9.9,21,12.9,11.4,21.5,27.6,17.5,openaq_11357424,6.14760115817544
24,100.0,24,True,2026-08-18,35.1,20.545833333333334,19.5,8.8,24,12.95,11.615,27.9,33.455,20.545833333333334,openaq_11357424,8.234444051700134
24,100.0,24,True,2026-08-19,31.4,15.7625,13.9,4.9,24,12.025,5.930000000000001,21.75,27.854999999999986,15.7625,openaq_11357424,6.816655593343474
23,95.83333333333333,24,True,2026-08-20,30.4,19.804347826086957,20.9,10.6,23,15.3,11.9,23.15,28.45,19.804347826086957,openaq_11357424,5.633461575981791
24,100.0,24,True,2026-08-21,29.2,18.295833333333334,17.4,11.2,24,13.5,12.005,22.95,27.089999999999996,18.295833333333334,openaq_11357424,5.314171305732124
24,100.0,24,True,2026-08-22,46.4,28.4125,27.9,14.0,24,18.225,14.74,35.25,44.52,28.4125,openaq_11357424,10.33004535113577
24,100.0,24,True,2026-08-23,57.2,40.59583333333333,42.25,25.6,24,38.5,30.130000000000003,43.325,47.224999999999994,40.59583333333333,openaq_11357424,6.302482545147115
24,100.0,24,True,2026-08-24,40.1,26.641666666666666,29.25,7.2,24,19.7,10.325000000000001,34.025,37.46,26.641666666666666,openaq_11357424,9.406376961202007
24,100.0,24,True,2026-08-25,31.3,16.583333333333332,16.6,6.7,24,9.525,8.345,21.5,30.374999999999993,16.583333333333332,openaq_11357424,7.62203137745054
24,100.0,24,True,2026-08-26,48.8,23.454166666666666,23.65,11.7,24,18.224999999999998,12.860000000000001,25.475,38.49499999999999,23.454166666666666,openaq_11357424,8.873555199809035
24,100.0,24,True,2026-08-27,39.1,23.6125,22.9,12.9,24,19.2,14.3,29.6,33.294999999999995,23.6125,openaq_11357424,7.202735742335203
24,100.0,24,True,2026-08-28,42.2,20.933333333333334,20.25,8.8,24,16.025,10.545,22.55,34.62,20.933333333333334,openaq_11357424,8.00688109862612
24,100.0,24,True,2026-08-29,50.7,31.758333333333333,30.549999999999997,10.4,24,28.675,17.305,35.85,45.705,31.758333333333333,openaq_11357424,9.011389733417163
24,100.0,24,True,2026-08-30,53.3,21.2875,18.65,8.4,24,14.924999999999999,9.595,25.349999999999998,35.285,21.2875,openaq_11357424,10.245733470465943
24,100.0,24,True,2026-08-31,30.7,17.275,15.55,10.6,24,14.375,11.005,20.325,23.595,17.275,openaq_11357424,4.780781271425978
24,100.0,24,True,2026-09-01,59.4,25.21666666666667,20.8,14.8,24,16.8,14.915000000000001,27.95,51.93,25.21666666666667,openaq_11357424,12.65744897255184
24,100.0,24,True,2026-09-02,53.0,26.3875,21.55,14.9,24,17.575,15.229999999999999,32.7,47.33999999999998,26.3875,openaq_11357424,11.383676814899786
24,100.0,24,True,2026-09-03,45.0,23.495833333333334,20.950000000000003,9.6,24,11.7,10.03,34.650000000000006,42.76,23.495833333333334,openaq_11357424,12.715669182297217
24,100.0,24,True,2026-09-04,46.1,25.25,22.5,8.9,24,15.825,11.96,34.400000000000006,44.364999999999995,25.25,openaq_11357424,11.457520788054266
24,100.0,24,True,2026-09-05,42.9,23.754166666666666,22.75,13.3,24,16.224999999999998,13.565000000000001,27.775,39.28999999999999,23.754166666666666,openaq_11357424,8.337395024652572
7,100.0,7,False,2026-09-06,27.4,19.17142857142857,17.8,13.9,7,15.0,13.96,22.549999999999997,26.199999999999996,,openaq_11357424,5.132807641604571
17,100.0,17,False,2026-06-08,37.6,12.782352941176471,9.2,2.2,17,3.9,2.6799999999999997,17.5,33.599999999999994,,openaq_14581375,10.996262734113216
24,100.0,24,True,2026-06-09,31.1,20.808333333333334,22.1,8.9,24,13.700000000000001,10.53,27.775,30.51,20.808333333333334,openaq_14581375,7.546719221919731
24,100.0,24,True,2026-06-10,76.8,31.170833333333334,29.4,7.9,24,18.375,9.68,35.375,71.87999999999998,31.170833333333334,openaq_14581375,18.057576494108496
24,100.0,24,True,2026-06-11,79.2,61.520833333333336,60.650000000000006,48.6,24,51.85,51.230000000000004,67.17500000000001,78.21499999999999,61.520833333333336,openaq_14581375,9.199573674747185
24,100.0,24,True,2026-06-12,82.4,43.65833333333333,39.1,6.4,24,33.25,16.910000000000004,56.875,68.43499999999999,43.65833333333333,openaq_14581375,18.098592706921014
24,100.0,24,True,2026-06-13,87.1,33.6625,29.55,0.3,24,1.675,0.4,62.55,74.69999999999999,33.6625,openaq_14581375,30.94043102057776
24,100.0,24,True,2026-06-14,56.3,25.0125,29.7,2.0,24,7.825,2.645,33.325,52.754999999999995,25.0125,openaq_14581375,16.740300566103294
24,100.0,24,True,2026-06-15,149.0,44.145833333333336,39.400000000000006,8.6,24,33.425,14.980000000000002,46.575,88.24999999999991,44.145833333333336,openaq_14581375,27.54278851669457
24,100.0,24,True,2026-06-16,88.6,56.50833333333333,50.0,32.3,24,42.4,33.925,74.22500000000001,83.78,56.50833333333333,openaq_14581375,17.559536407336605
24,100.0,24,True,2026-06-17,50.1,39.104166666666664,41.3,26.5,24,31.925000000000004,27.125,44.949999999999996,48.455,39.104166666666664,openaq_14581375,7.803760474042748
24,100.0,24,True,2026-06-18,48.5,28.175,32.3,3.6,24,20.625,6.66,34.45,44.735,28.175,openaq_14581375,12.52917464924583
24,100.0,24,True,2026-06-19,49.7,23.925,23.55,3.5,24,16.025000000000002,5.44,33.325,46.01999999999998,23.925,openaq_14581375,12.468612767578682
24,100.0,24,True,2026-06-20,39.9,15.4,13.25,0.8,24,5.25,1.6400000000000001,21.375,37.95499999999999,15.4,openaq_14581375,11.841305744685863
24,100.0,24,True,2026-06-21,76.2,24.854166666666668,21.1,0.9,24,4.85,0.9750000000000001,41.625,69.45499999999996,24.854166666666668,openaq_14581375,22.41637559748534
24,100.0,24,True,2026-06-22,57.2,21.9125,17.4,2.3,24,5.574999999999999,2.8100000000000005,36.725,49.54,21.9125,openaq_14581375,17.657891757068505
24,100.0,24,True,2026-06-23,43.8,17.0375,12.9,1.3,24,4.125,1.6600000000000001,26.625,41.52,17.0375,openaq_14581375,14.595526786447724
24,100.0,24,True,2026-06-24,35.8,11.5625,9.15,1.1,24,5.85,1.4850000000000003,14.625,30.755,11.5625,openaq_14581375,9.346927535175722
24,100.0,24,True,2026-06-25,68.6,36.525,32.400000000000006,12.7,24,21.125,13.540000000000001,48.475,63.349999999999994,36.525,openaq_14581375,17.766143913782116
24,100.0,24,True,2026-06-26,56.6,23.904166666666665,23.200000000000003,0.4,24,12.674999999999999,1.76,32.475,53.39499999999997,23.904166666666665,openaq_14581375,15.766433225896929
24,100.0,24,True,2026-06-27,56.3,43.770833333333336,45.2,22.4,24,40.0,25.745,48.0,54.485,43.770833333333336,openaq_14581375,8.384897353169471
24,100.0,24,True,2026-06-28,49.3,38.03333333333333,39.95,14.8,24,34.1,21.845,43.65,48.93,38.03333333333333,openaq_14581375,8.608118850534508
24,100.0,24,True,2026-06-29,53.0,37.61666666666667,38.6,21.4,24,31.55,25.115000000000002,43.150000000000006,47.625,37.61666666666667,openaq_14581375,8.135892921074392
24,100.0,24,True,2026-06-30,43.1,22.6125,25.35,0.2,24,14.8,5.180000000000001,31.0,34.26499999999999,22.6125,openaq_14581375,10.898955374753562
8,33.333333333333336,24,True,2026-07-01,47.5,33.5375,31.549999999999997,27.0,8,29.9,27.7,35.575,43.50999999999999,,openaq_14581375,6.4097999745924765
0,0.0,24,True,2026-07-02,,,,,0,,,,,,openaq_14581375,
0,0.0,24,True,2026-07-03,,,,,0,,,,,,openaq_14581375,
0,0.0,24,True,2026-07-04,,,,,0,,,,,,openaq_14581375,
0,0.0,24,True,2026-07-05,,,,,0,,,,,,openaq_14581375,
17,70.83333333333333,24,True,2026-07-06,41.6,16.51764705882353,9.7,0.2,17,2.4,0.76,29.5,40.96,,openaq_14581375,15.712265721965341
24,100.0,24,True,2026-07-07,46.6,34.204166666666666,35.3,16.5,24,32.1,19.585,38.425,44.489999999999995,34.204166666666666,openaq_14581375,7.483516911340472
24,100.0,24,True,2026-07-08,54.3,35.875,35.8,8.6,24,30.6,16.19,44.1,51.794999999999995,35.875,openaq_14581375,11.681172141899786
24,100.0,24,True,2026-07-09,84.5,36.9,34.7,1.5,24,25.8,5.190000000000001,42.974999999999994,75.355,36.9,openaq_14581375,21.48425105695474
24,100.0,24,True,2026-07-10,59.3,34.604166666666664,35.900000000000006,4.1,24,24.9,15.450000000000001,42.375,55.734999999999985,34.604166666666664,openaq_14581375,13.326811131232265
24,100.0,24,True,2026-07-11,65.5,47.104166666666664,47.95,29.1,24,41.900000000000006,31.665,52.349999999999994,58.385,47.104166666666664,openaq_14581375,8.837591604182602
24,100.0,24,True,2026-07-12,58.1,35.65416666666667,34.95,8.2,24,27.05,20.71,39.875,57.38499999999999,35.65416666666667,openaq_14581375,12.233097626367243
24,100.0,24,True,2026-07-13,60.6,41.17916666666667,41.900000000000006,18.4,24,33.625,22.505,52.074999999999996,56.17999999999999,41.17916666666667,openaq_14581375,11.80766071028785
24,100.0,24,True,2026-07-14,52.1,36.729166666666664,38.1,13.8,24,29.775,26.86,42.425,49.099999999999994,36.729166666666664,openaq_14581375,8.645656319123828
24,100.0,24,True,2026-07-15,59.9,40.079166666666666,40.5,22.1,24,30.4,23.310000000000002,50.425,58.72,40.079166666666666,openaq_14581375,11.66272319481349
24,100.0,24,True,2026-07-16,69.5,34.204166666666666,32.95,5.8,24,23.3,9.405000000000001,48.6,57.93999999999998,34.204166666666666,openaq_14581375,16.25686421355518
24,100.0,24,True,2026-07-17,39.4,16.3625,12.899999999999999,0.4,24,3.825,0.745,26.0,38.94,16.3625,openaq_14581375,13.881699322739868
24,100.0,24,True,2026-07-18,35.4,15.320833333333333,16.15,0.4,24,4.550000000000001,0.715,26.9,29.665,15.320833333333333,openaq_14581375,11.984554522444682
24,100.0,24,True,2026-07-19,19.6,8.4875,9.0,0.0,24,3.475,0.1,11.5,18.285,8.4875,openaq_14581375,6.062738117242149
24,100.0,24,True,2026-07-20,95.7,41.625,36.05,6.4,24,22.025000000000002,10.490000000000002,48.05,93.085,41.625,openaq_14581375,26.17581442609886
24,100.0,24,True,2026-07-21,95.7,67.1125,66.44999999999999,48.6,24,54.099999999999994,50.245000000000005,77.825,88.59499999999998,67.1125,openaq_14581375,13.397803600006528
24,100.0,24,True,2026-07-22,115.0,53.0875,44.25,0.9,24,34.875,8.880000000000003,72.175,107.48499999999999,53.0875,openaq_14581375,30.575897192567133
24,100.0,24,True,2026-07-23,68.8,38.74166666666667,39.7,18.0,24,32.9,19.380000000000003,45.7,52.74499999999999,38.74166666666667,openaq_14581375,11.414785098309109
24,100.0,24,True,2026-07-24,51.8,31.679166666666667,34.25,1.7,24,25.825,5.925000000000001,40.725,45.69499999999999,31.679166666666667,openaq_14581375,12.754640388865354
24,100.0,24,True,2026-07-25,45.8,29.391666666666666,36.05,0.4,24,23.35,1.0800000000000003,40.925,45.535000000000004,29.391666666666666,openaq_14581375,15.480083042881029
24,100.0,24,True,2026-07-26,55.0,39.90833333333333,40.3,27.2,24,35.275,29.86,44.0,50.839999999999996,39.90833333333333,openaq_14581375,7.015133744218663
24,100.0,24,True,2026-07-27,44.2,30.270833333333332,32.7,6.3,24,25.375,7.505000000000001,39.45,43.279999999999994,30.270833333333332,openaq_14581375,11.285445770189323
24,100.0,24,True,2026-07-28,34.6,21.133333333333333,24.85,1.1,24,11.075,4.845000000000001,28.95,34.279999999999994,21.133333333333333,openaq_14581375,10.51180151137248
24,100.0,24,True,2026-07-29,45.3,24.170833333333334,25.4,1.8,24,13.575,5.140000000000001,34.949999999999996,42.739999999999995,24.170833333333334,openaq_14581375,12.67426283480807
24,100.0,24,True,2026-07-30,46.9,29.970833333333335,31.35,4.1,24,23.025,12.59,38.675000000000004,45.89,29.970833333333335,openaq_14581375,11.328435909026785
24,100.0,24,True,2026-07-31,50.5,24.725,25.3,0.0,24,19.25,0.29500000000000015,35.6,44.739999999999995,24.725,openaq_14581375,14.383663740810116
24,100.0,24,True,2026-08-01,46.7,16.170833333333334,13.7,0.4,24,5.75,2.825,22.55,42.90999999999998,16.170833333333334,openaq_14581375,12.888231206150378
24,100.0,24,True,2026-08-02,44.2,27.9625,27.2,17.1,24,24.55,17.54,32.425000000000004,37.67,27.9625,openaq_14581375,6.637430913420854
24,100.0,24,True,2026-08-03,37.0,23.95,23.5,7.9,24,20.775,14.055000000000001,27.8,32.394999999999996,23.95,openaq_14581375,6.55611231566789
24,100.0,24,True,2026-08-04,39.8,28.729166666666668,30.549999999999997,13.5,24,24.325,18.220000000000002,33.65,37.92999999999999,28.729166666666668,openaq_14581375,6.571048435084913
24,100.0,24,True,2026-08-05,48.1,27.258333333333333,26.4,0.6,24,18.3,12.229999999999999,36.3,46.85999999999999,27.258333333333333,openaq_14581375,12.468496533147107
24,100.0,24,True,2026-08-06,34.6,23.4125,26.0,1.2,24,17.5,6.815000000000001,30.075,34.485,23.4125,openaq_14581375,9.245836313197135
24,100.0,24,True,2026-08-07,36.3,28.008333333333333,28.75,12.7,24,26.475,16.5,31.6,35.885,28.008333333333333,openaq_14581375,6.375695472152288
24,100.0,24,True,2026-08-08,45.8,32.68333333333333,31.35,22.1,24,25.775,23.405,39.7,43.279999999999994,32.68333333333333,openaq_14581375,7.420281646281691
24,100.0,24,True,2026-08-09,52.1,38.55833333333334,39.2,24.6,24,31.275,24.715,46.775000000000006,50.6,38.55833333333334,openaq_14581375,8.792779481739137
24,100.0,24,True,2026-08-10,70.4,36.604166666666664,33.150000000000006,22.2,24,31.2,26.23,40.15,51.094999999999985,36.604166666666664,openaq_14581375,9.701343661605836
24,100.0,24,True,2026-08-11,59.3,30.775,26.65,15.3,24,24.175,16.88,35.25,51.235,30.775,openaq_14581375,11.867025926820338
24,100.0,24,True,2026-08-12,111.0,50.75,48.349999999999994,32.5,24,41.775,33.13,53.475,75.33999999999999,50.75,openaq_14581375,17.07449152594493
24,100.0,24,True,2026-08-13,69.9,46.93333333333334,48.650000000000006,26.9,24,37.625,31.645,52.375,62.77999999999999,46.93333333333334,openaq_14581375,10.528787314731009
24,100.0,24,True,2026-08-14,72.8,36.575,36.7,7.4,24,21.6,9.805,53.45,67.13999999999999,36.575,openaq_14581375,18.2322754906023
24,100.0,24,True,2026-08-15,72.2,44.295833333333334,41.8,32.1,24,37.475,35.445,47.175,68.67999999999996,44.295833333333334,openaq_14581375,10.252315927831036
24,100.0,24,True,2026-08-16,98.1,54.9625,53.45,21.2,24,46.275,28.575,64.1,87.74,54.9625,openaq_14581375,19.249027361085705
21,87.5,24,True,2026-08-17,54.8,35.904761904761905,35.0,23.6,21,31.7,26.9,39.3,49.8,35.904761904761905,openaq_14581375,7.044464223095762
24,100.0,24,True,2026-08-18,41.3,28.4125,29.35,5.7,24,25.8,10.274999999999999,36.55,39.56999999999999,28.4125,openaq_14581375,9.951592072759448
24,100.0,24,True,2026-08-19,40.8,20.529166666666665,20.7,0.6,24,9.274999999999999,3.3600000000000003,32.075,37.10999999999999,20.529166666666665,openaq_14581375,12.1426835787133
23,95.83333333333333,24,True,2026-08-20,35.8,27.895652173913042,29.7,16.9,23,23.15,17.67,31.85,34.349999999999994,27.895652173913042,openaq_14581375,5.455312528408312
24,100.0,24,True,2026-08-21,31.9,18.05,21.3,0.2,24,12.025,0.48000000000000015,26.175,29.779999999999998,18.05,openaq_14581375,10.327801230701024
24,100.0,24,True,2026-08-22,30.9,20.075,20.75,7.6,24,17.5,8.545,23.1,27.2,20.075,openaq_14581375,5.507879730934108
24,100.0,24,True,2026-08-23,36.9,20.433333333333334,19.299999999999997,7.5,24,13.3,10.53,28.625,34.13499999999999,20.433333333333334,openaq_14581375,8.659634828462389
24,100.0,24,True,2026-08-24,39.4,19.070833333333333,18.25,2.9,24,7.675000000000001,5.245,28.625,38.51,19.070833333333333,openaq_14581375,12.32933861079783
24,100.0,24,True,2026-08-25,54.1,34.30833333333333,33.9,13.6,24,27.475,20.3,42.525,52.33999999999999,34.30833333333333,openaq_14581375,10.647306933095159
24,100.0,24,True,2026-08-26,88.6,46.454166666666666,47.45,25.4,24,35.5,26.275,51.675,73.425,46.454166666666666,openaq_14581375,15.787528902288024
24,100.0,24,True,2026-08-27,118.0,57.0875,56.400000000000006,6.7,24,16.35,7.915000000000001,95.175,102.46,57.0875,openaq_14581375,38.83763652527745
24,100.0,24,True,2026-08-28,41.3,19.141666666666666,15.399999999999999,3.0,24,8.575,4.145,30.65,33.98,19.141666666666666,openaq_14581375,12.073071604650346
24,100.0,24,True,2026-08-29,46.4,22.566666666666666,17.549999999999997,2.4,24,13.875,3.005,31.275,45.77499999999999,22.566666666666666,openaq_14581375,13.959558566169592
24,100.0,24,True,2026-08-30,54.4,21.954166666666666,19.9,0.2,24,13.0,2.6100000000000003,28.675,48.559999999999995,21.954166666666666,openaq_14581375,14.666287256291483
24,100.0,24,True,2026-08-31,63.1,31.233333333333334,32.0,7.1,24,22.25,11.645,38.875,57.52999999999997,31.233333333333334,openaq_14581375,14.689205343489089
24,100.0,24,True,2026-09-01,73.7,37.391666666666666,38.55,13.3,24,18.075000000000003,14.2,45.8,69.88999999999999,37.391666666666666,openaq_14581375,18.772966610589783
24,100.0,24,True,2026-09-02,69.7,37.3125,35.2,10.3,24,24.4,14.25,50.325,64.82499999999997,37.3125,openaq_14581375,16.663167205076824
24,100.0,24,True,2026-09-03,90.8,41.4875,38.8,17.3,24,29.950000000000003,19.745,50.349999999999994,67.43499999999999,41.4875,openaq_14581375,17.2497085671664
24,100.0,24,True,2026-09-04,83.9,34.604166666666664,30.2,14.0,24,23.8,16.49,37.175,75.33499999999997,34.604166666666664,openaq_14581375,17.981306214744407
24,100.0,24,True,2026-09-05,41.1,16.9125,17.6,3.0,24,8.775,3.6350000000000002,21.5,35.089999999999996,16.9125,openaq_14581375,10.109759060475653
7,100.0,7,False,2026-09-06,26.6,10.057142857142857,7.7,3.1,7,5.05,3.6100000000000003,11.45,23.089999999999993,,openaq_14581375,8.221690244480783
