block_days,bootstrap_mean,bootstrap_sd,candidate_windows,ci_high,ci_low,draws_per_replicate,eligible_independent_blocks,estimate,exclude_extreme,exposure,family,fit_id,full_draws,gate_pass,hypothesis,inference,nonempty_independent_blocks,p_value,remainder_draws,replicates,sampled_dates_per_replicate,scale,scope,skipped_replicates,usable_replicates,weather_case
1,-0.208579934626,0.02305169584,91,-0.166087269416,-0.256867070417,91,86,-0.207758555768,False,wind_speed_10m,primary,H1_pooled_log1p_b1_pairwise_complete,91,True,H1,inferential,91,0.000999500249875,0,2000,91,log1p,pooled,0,2000,pairwise_complete
1,-0.183742877849,0.0251790316798,91,-0.134995367249,-0.235237187037,91,86,-0.186727682782,False,wind_speed_10m,primary,H1_cmt8_log1p_b1_pairwise_complete,91,True,H1,exploratory,91,0.000999500249875,0,2000,91,log1p,cmt8,0,2000,pairwise_complete
1,-0.223869757241,0.0402387046409,91,-0.147369588566,-0.303895857975,91,82,-0.22644271788,False,wind_speed_10m,primary,H1_oceanpark_log1p_b1_pairwise_complete,91,True,H1,exploratory,87,0.000999500249875,0,2000,91,log1p,oceanpark,0,2000,pairwise_complete
1,0.0945410211317,0.0493600415793,91,0.186298167368,-0.00576113493793,91,86,0.0986222781931,False,relative_humidity_2m,primary,H2_pooled_log1p_b1_pairwise_complete,91,True,H2,inferential,91,0.0679660169915,0,2000,91,log1p,pooled,0,2000,pairwise_complete
1,-0.0697555458359,0.0331869913547,91,-0.00596744939865,-0.13488347998,91,86,-0.075252705272,False,relative_humidity_2m,primary,H2_cmt8_log1p_b1_pairwise_complete,91,True,H2,exploratory,91,0.0369815092454,0,2000,91,log1p,cmt8,0,2000,pairwise_complete
1,0.176496240143,0.0763399862584,91,0.322856663132,0.0250243457286,91,82,0.178470295685,False,relative_humidity_2m,primary,H2_oceanpark_log1p_b1_pairwise_complete,91,True,H2,exploratory,87,0.0259870064968,0,2000,91,log1p,oceanpark,0,2000,pairwise_complete
1,0.180316288618,0.060357421811,91,0.296091871463,0.0596893954456,91,87,0.179237904693,False,,primary,H3_shared_log1p_b1,91,True,H3,exploratory,87,0.00299850074963,0,2000,91,log1p,shared,0,2000,not_applicable
1,-0.0109110476312,0.0554473774291,91,0.0924473856633,-0.121071898142,91,86,-0.0119795640857,False,temperature_2m,secondary,S_temperature_2m_pooled_log1p_b1_pairwise_complete,91,True,S,inferential,91,0.868565717141,0,2000,91,log1p,pooled,0,2000,pairwise_complete
1,-0.0442870228303,0.0199152638564,91,-0.00489393354705,-0.0822728027774,91,86,-0.0463695265032,False,precipitation,secondary,S_precipitation_pooled_log1p_b1_pairwise_complete,91,True,S,inferential,91,0.0359820089955,0,2000,91,log1p,pooled,0,2000,pairwise_complete
1,0.113079435676,0.0724220004982,91,0.253788321096,-0.0326559999346,91,86,0.116601348897,False,surface_pressure,secondary,S_surface_pressure_pooled_log1p_b1_pairwise_complete,91,True,S,inferential,91,0.139930034983,0,2000,91,log1p,pooled,0,2000,pairwise_complete
1,-0.0884427080348,0.0202985456194,91,-0.0483079917918,-0.127017383037,91,86,-0.0900205188395,False,cloud_cover,secondary,S_cloud_cover_pooled_log1p_b1_pairwise_complete,91,True,S,inferential,91,0.00199900049975,0,2000,91,log1p,pooled,0,2000,pairwise_complete
1,0.0104611767523,0.0623836184352,91,0.130387993032,-0.108787201821,91,86,0.0161320647126,False,shortwave_radiation,secondary,S_shortwave_radiation_pooled_log1p_b1_pairwise_complete,91,True,S,inferential,91,0.87956021989,0,2000,91,log1p,pooled,0,2000,pairwise_complete
1,-4.51179474122,0.498397118201,91,-3.54720543214,-5.48839739575,91,86,-4.50707727068,False,wind_speed_10m,sensitivity,H1_pooled_raw_b1_pairwise_complete,91,True,H1,exploratory,91,0.000999500249875,0,2000,91,raw,pooled,0,2000,pairwise_complete
1,1.52146163597,1.17157763801,91,3.80582057982,-0.821705878263,91,86,1.51053656597,False,relative_humidity_2m,sensitivity,H2_pooled_raw_b1_pairwise_complete,91,True,H2,exploratory,91,0.178910544728,0,2000,91,raw,pooled,0,2000,pairwise_complete
1,8.99240646077,1.49030948787,91,11.9207377908,6.11667038938,91,87,8.9685995086,False,,sensitivity,H3_shared_raw_b1,91,True,H3,exploratory,87,0.000999500249875,0,2000,91,raw,shared,0,2000,not_applicable
2,-0.206104713925,0.0254303318387,90,-0.159253495991,-0.259026139528,46,43,-0.207758555768,False,wind_speed_10m,sensitivity,H1_pooled_log1p_b2_pairwise_complete,45,True,H1,exploratory,46,0.000999500249875,1,2000,91,log1p,pooled,0,2000,pairwise_complete
2,0.0941190930295,0.0592544388674,90,0.20901443185,-0.0251575325498,46,43,0.0986222781931,False,relative_humidity_2m,sensitivity,H2_pooled_log1p_b2_pairwise_complete,45,True,H2,exploratory,46,0.118940529735,1,2000,91,log1p,pooled,0,2000,pairwise_complete
2,0.185075900468,0.0763965483704,90,0.327939640791,0.0309496242275,46,44,0.179237904693,False,,sensitivity,H3_shared_log1p_b2,45,True,H3,exploratory,44,0.0209895052474,1,2000,91,log1p,shared,0,2000,not_applicable
7,,,85,,,13,13,-0.207758555768,False,wind_speed_10m,sensitivity,H1_pooled_log1p_b7_pairwise_complete,13,False,H1,descriptive_only,13,,0,2000,91,log1p,pooled,0,2000,pairwise_complete
7,,,85,,,13,13,0.0986222781931,False,relative_humidity_2m,sensitivity,H2_pooled_log1p_b7_pairwise_complete,13,False,H2,descriptive_only,13,,0,2000,91,log1p,pooled,0,2000,pairwise_complete
7,,,85,,,13,13,0.179237904693,False,,sensitivity,H3_shared_log1p_b7,13,False,H3,descriptive_only,13,,0,2000,91,log1p,shared,0,2000,not_applicable
1,-0.207401819977,0.0228379651156,91,-0.162165301651,-0.25555715149,91,86,-0.20708732678,True,wind_speed_10m,sensitivity,H1_pooled_log1p_b1_pairwise_complete_excl_extreme,91,True,H1,exploratory,91,0.000999500249875,0,2000,91,log1p,pooled,0,2000,pairwise_complete
1,0.0974380291431,0.0488858052247,91,0.192125143575,-0.00376580403511,91,86,0.0996580556051,True,relative_humidity_2m,sensitivity,H2_pooled_log1p_b1_pairwise_complete_excl_extreme,91,True,H2,exploratory,91,0.0599700149925,0,2000,91,log1p,pooled,0,2000,pairwise_complete
1,0.175939292124,0.0610422158223,91,0.297905332498,0.0567583323564,91,87,0.176395227716,True,,sensitivity,H3_shared_log1p_b1_excl_extreme,91,True,H3,exploratory,87,0.00499750124938,0,2000,91,log1p,shared,0,2000,not_applicable
1,-0.208652988821,0.0229367061884,91,-0.164853623147,-0.254242252792,91,86,-0.207808582517,False,wind_speed_10m,sensitivity,H1_pooled_log1p_b1_complete_weather,91,True,H1,exploratory,91,0.000999500249875,0,2000,91,log1p,pooled,0,2000,complete_weather
1,0.0990367449553,0.0501590369585,91,0.195322041217,-0.00148072268653,91,86,0.0987358546998,False,relative_humidity_2m,sensitivity,H2_pooled_log1p_b1_complete_weather,91,True,H2,exploratory,91,0.055972013993,0,2000,91,log1p,pooled,0,2000,complete_weather
1,-0.00986561656402,0.054749164653,91,0.0942824805601,-0.122188287791,91,86,-0.0119482503975,False,temperature_2m,sensitivity,S_temperature_2m_pooled_log1p_b1_complete_weather,91,True,S,exploratory,91,0.873563218391,0,2000,91,log1p,pooled,0,2000,complete_weather
1,-0.0442665808695,0.0197653982209,91,-0.00525778582444,-0.0809874455422,91,86,-0.0463695265032,False,precipitation,sensitivity,S_precipitation_pooled_log1p_b1_complete_weather,91,True,S,exploratory,91,0.031984007996,0,2000,91,log1p,pooled,0,2000,complete_weather
1,0.116400450979,0.0717838998078,91,0.252759020332,-0.0300067074254,91,86,0.116725274809,False,surface_pressure,sensitivity,S_surface_pressure_pooled_log1p_b1_complete_weather,91,True,S,exploratory,91,0.107946026987,0,2000,91,log1p,pooled,0,2000,complete_weather
1,-0.0891252552833,0.0207981974241,91,-0.0485844090533,-0.128158297072,91,86,-0.0900349439512,False,cloud_cover,sensitivity,S_cloud_cover_pooled_log1p_b1_complete_weather,91,True,S,exploratory,91,0.000999500249875,0,2000,91,log1p,pooled,0,2000,complete_weather
1,0.0118483658138,0.0629583470367,91,0.131948505668,-0.114307591392,91,86,0.0161320647126,False,shortwave_radiation,sensitivity,S_shortwave_radiation_pooled_log1p_b1_complete_weather,91,True,S,exploratory,91,0.832583708146,0,2000,91,log1p,pooled,0,2000,complete_weather
